"Fecha","Hora","RadSol.W.m2","TempAire.C","HumRel.porc","VelViento.m.s","Precipitacion.mm"
2016-01-27,0,0,18.25,91,0,0
2016-01-27,1,0,17.6,93,0.2,0
2016-01-27,2,0,16.9,95,0,0
2016-01-27,3,0,16.55,95.5,0.2,0
2016-01-27,4,0,16.45,96,0,0
2016-01-27,5,0,16.1,97,0,0
2016-01-27,6,6,16.1,97,0,0
2016-01-27,7,118,17.1,95,0,0
2016-01-27,8,355,19.4,87.5,0.2,0
2016-01-27,9,487,21.9,74,0.85,0
2016-01-27,10,759.5,23.95,62,1.3,0
2016-01-27,11,879.5,25.8,50,1.55,0
2016-01-27,12,916.5,27.2,35.5,1.8,0
2016-01-27,13,880,28.1,35,1.8,0
2016-01-27,14,775,28.55,33.5,3.1,0
2016-01-27,15,606,28,41,4,0
2016-01-27,16,385,26.55,50,4.5,0
2016-01-27,17,142.5,24.65,52.5,4.05,0
2016-01-27,18,8.5,22.75,56,4.25,0
2016-01-27,19,0,21.75,59.5,1.55,0
2016-01-27,20,0,20.6,64.5,0.4,0
2016-01-27,21,0,18.9,72,0,0
2016-01-27,22,0,18.45,75,0,0
2016-01-27,23,0,18.6,77.5,0,0
2016-01-28,0,0,17.8,81,0,0
2016-01-28,1,0,16.9,84,0,0
2016-01-28,2,0,16.45,87.5,0,0
2016-01-28,3,0,16.05,90,0,0
2016-01-28,4,0,16.2,91,0,0
2016-01-28,5,0,15.8,93,0,0
2016-01-28,6,4,15.2,94,0,0
2016-01-28,7,68.5,15.9,91,0,0
2016-01-28,8,297,19,84,0.2,0
2016-01-28,9,565.5,21.75,73.5,0.2,0
2016-01-28,10,745,24.05,63.5,1.3,0
2016-01-28,11,540.5,24.55,60,0.9,0
2016-01-28,12,868.5,26.4,51.5,1.8,0
2016-01-28,13,581,26.8,51,2,0
2016-01-28,14,695,27.25,48.5,2.9,0
2016-01-28,15,624,27.2,52,3.8,0
2016-01-28,16,370,26.1,56,4.25,0
2016-01-28,17,148,24.15,60,4.25,0
2016-01-28,18,10.5,22.05,66,3.35,0
2016-01-28,19,0,21.1,69.5,1.55,0
2016-01-28,20,0,21,71.5,0.4,0
2016-01-28,21,0,20.25,75.5,0.65,0
2016-01-28,22,0,19.75,81,0.65,0
2016-01-28,23,0,19.25,86,0.2,0
2016-01-29,0,0,19.05,89,0,0
2016-01-29,1,0,18.85,90.5,0,0
2016-01-29,2,0,18.55,91.5,0,0
2016-01-29,3,0,17.65,93,0,0
2016-01-29,4,0,17.1,94.5,0,0
2016-01-29,5,0,16.8,95.5,0,0
2016-01-29,6,3,16.4,96.5,0,0
2016-01-29,7,87,17.2,95.5,0,0
2016-01-29,8,326.5,20.3,86,0.2,0
2016-01-29,9,361.5,20.85,83.5,1.1,0
2016-01-29,10,367,22.3,80,1.55,0
2016-01-29,11,779.5,25.95,58,1.1,0
2016-01-29,12,927.5,26.8,53,2,0
2016-01-29,13,399,27.3,50,2,0
2016-01-29,14,705.5,27.25,52,3.8,0
2016-01-29,15,608,26.05,60,4.95,0
2016-01-29,16,181,24.05,60.5,6.05,0
2016-01-29,17,107.5,22.4,66,4.95,0
2016-01-29,18,4.5,21.15,72,2.65,0
2016-01-29,19,0,19.95,78.5,0.9,0
2016-01-29,20,0,19.65,82,0.4,0
2016-01-29,21,0,18.95,86,0,0
2016-01-29,22,0,17.9,89,0.2,0
2016-01-29,23,0,17.35,91.5,0,0
2016-01-30,0,0,17.15,93,0.2,0
2016-01-30,1,0,17.2,94.5,0,0
2016-01-30,2,0,16.65,96,0,0
2016-01-30,3,0,16.5,96.5,0.2,0
2016-01-30,4,0,16.7,97,0,0
2016-01-30,5,0,15.85,97,0.2,0
2016-01-30,6,2.5,15.75,96.5,0.2,0
2016-01-30,7,67.5,16.65,98,0,0
2016-01-30,8,336,19.6,85.5,0.9,0
2016-01-30,9,449,21.2,79,1.1,0
2016-01-30,10,560.5,22.1,73,1.35,0
2016-01-30,11,851,24.7,60,1.55,0
2016-01-30,12,958.5,26.15,49,2,0
2016-01-30,13,900.5,27.25,39.5,2,0
2016-01-30,14,768.5,27.2,42.5,3.1,0
2016-01-30,15,607.5,26.55,45,4.7,0
2016-01-30,16,392,24.6,56.5,5.6,0
2016-01-30,17,148.5,22.6,62,4.9,0
2016-01-30,18,9,20.65,72,2.7,0
2016-01-30,19,0,19.45,79.5,0.4,0
2016-01-30,20,0,18.1,85,0,0
2016-01-30,21,0,17.95,88,0.2,0
2016-01-30,22,0,18.3,87,0.2,0
2016-01-30,23,0,18.35,86,0.4,0
2016-01-31,0,0,18,86.5,0,0
2016-01-31,1,0,17.55,89,0,0
2016-01-31,2,0,17.4,90.5,0,0
2016-01-31,3,0,17.15,91,0,0
2016-01-31,4,0,16.6,93,0.2,0
2016-01-31,5,0,16.15,94.5,0,0
2016-01-31,6,1,16.3,95.5,0.2,0
2016-01-31,7,73,17.15,93,0,0
2016-01-31,8,307,18.9,88.5,0.85,0
2016-01-31,9,640,21.75,75.5,1.35,0
2016-01-31,10,742.5,23.3,69,1.3,0
2016-01-31,11,514,23.8,65,1.8,0
2016-01-31,12,860,26.3,54,2,0
2016-01-31,13,462.5,25.7,50,2.45,0
2016-01-31,14,519.5,26.15,48,2.7,0
2016-01-31,15,430.5,25.85,52.5,3.8,0
2016-01-31,16,337,25,57.5,4.5,0
2016-01-31,17,138.5,22.8,64.5,4.7,0
2016-01-31,18,9,21.1,69.5,3.35,0
2016-01-31,19,0,20.55,74.5,1.8,0
2016-01-31,20,0,20.2,78,0.65,0
2016-01-31,21,0,19.5,83,0.9,0
2016-01-31,22,0,18.95,85.5,0.65,0
2016-01-31,23,0,18.55,87,0.2,0
2016-02-01,0,0,18.35,88,0,0
2016-02-01,1,0,18.15,89,0,0
2016-02-01,2,0,17.3,91.5,0.2,0
2016-02-01,3,0,16.6,93.5,0.2,0
2016-02-01,4,0,16.75,94,0.2,0
2016-02-01,5,0,16.3,94.5,0.2,0
2016-02-01,6,2,15.8,96,0.4,0
2016-02-01,7,44.5,16.5,97,0,0
2016-02-01,8,205.5,18.7,91,0.2,0
2016-02-01,9,187.5,20,84.5,0.2,0
2016-02-01,10,501,21.9,75.5,1.3,0
2016-02-01,11,609.5,24.15,63.5,1.55,0
2016-02-01,12,674.5,25.3,57,2.65,0
2016-02-01,13,700,26.35,52.5,2.9,0
2016-02-01,14,785.5,26.75,49.5,3.55,0
2016-02-01,15,623,26.45,51,4.25,0
2016-02-01,16,374.5,24.9,57,4.7,0
2016-02-01,17,135,22.95,62.5,4.7,0
2016-02-01,18,11,21.2,70,4.25,0
2016-02-01,19,0,20.7,74,2.45,0
2016-02-01,20,0,20.5,75.5,0.65,0
2016-02-01,21,0,19.95,78.5,0.2,0
2016-02-01,22,0,18.95,82.5,0,0
2016-02-01,23,0,18.25,84.5,0.2,0
2016-02-02,0,0,17.6,86,0.4,0
2016-02-02,1,0,16.75,89,0.2,0
2016-02-02,2,0,16,91.5,0.2,0
2016-02-02,3,0,16,92.5,0,0
2016-02-02,4,0,15.1,93.5,0.2,0
2016-02-02,5,0,14.95,92,0,0
2016-02-02,6,4,14.75,92.5,0,0
2016-02-02,7,114.5,16.4,90.5,0,0
2016-02-02,8,349,19.4,80,0.65,0
2016-02-02,9,583,22.25,69.5,0.65,0
2016-02-02,10,648.5,23.5,64.5,1.55,0
2016-02-02,11,879.5,25.85,55.5,1.55,0
2016-02-02,12,949,27.35,48.5,2,0
2016-02-02,13,888.5,27.7,44,2.2,0
2016-02-02,14,780.5,27.6,47.5,4.25,0
2016-02-02,15,594,27.05,48.5,4.25,0
2016-02-02,16,389,25.25,54,5.4,0
2016-02-02,17,146,23,61.5,5.85,0
2016-02-02,18,14,21.5,66.5,5.15,0
2016-02-02,19,0,20.7,71,3.1,0
2016-02-02,20,0,20.65,73,1.55,0
2016-02-02,21,0,20.2,78,0.85,0
2016-02-02,22,0,19.8,80,0.2,0
2016-02-02,23,0,19.6,79.5,0,0
2016-02-03,0,0,19,83,0,0
2016-02-03,1,0,19.05,86,0,0
2016-02-03,2,0,18.75,88,0,0
2016-02-03,3,0,18.35,91,0,0
2016-02-03,4,0,17.95,92,0,0
2016-02-03,5,0,17.35,92.5,0.2,0
2016-02-03,6,3.5,17.05,93.5,0.4,0
2016-02-03,7,80.5,17.85,94,0,0
2016-02-03,8,308.5,20.4,84.5,0.4,0
2016-02-03,9,461.5,22.65,76.5,0.9,0
2016-02-03,10,569,23.7,68.5,1.1,0
2016-02-03,11,594.5,25.45,57.5,1.1,0
2016-02-03,12,711.5,27.35,50.5,1.3,0
2016-02-03,13,421.5,27,50.5,2.9,0
2016-02-03,14,720,27.9,48,4.25,0
2016-02-03,15,611.5,27.2,52,4.9,0
2016-02-03,16,385,25.65,56.5,5.15,0
2016-02-03,17,144,23.75,61.5,4.7,0
2016-02-03,18,10,21.95,70.5,2.45,0
2016-02-03,19,0,21.05,74,1.55,0
2016-02-03,20,0,20,77,0.65,0
2016-02-03,21,0,18.75,82,0,0
2016-02-03,22,0,18.65,81.5,0,0
2016-02-03,23,0,18.65,83,0,0
2016-02-04,0,0,18.8,85.5,0,0
2016-02-04,1,0,18.1,87.5,0,0
2016-02-04,2,0,17.45,90.5,0.2,0
2016-02-04,3,0,17.1,92,0.2,0
2016-02-04,4,0,16.95,93,0,0
2016-02-04,5,0,16.95,94,0,0
2016-02-04,6,3.5,17.1,93.5,0.4,0
2016-02-04,7,73.5,17.8,92,0,0
2016-02-04,8,215,19.7,86,0.4,0
2016-02-04,9,523.5,22.35,75.5,0.9,0
2016-02-04,10,588.5,23.35,72,1.1,0
2016-02-04,11,475,24.05,66.5,1.8,0
2016-02-04,12,689.5,25.8,60.5,1.8,0
2016-02-04,13,859.5,27.5,51.5,2.45,0
2016-02-04,14,742.5,27.95,47.5,3.55,0
2016-02-04,15,410.5,26.05,57,4.5,0
2016-02-04,16,389.5,24.8,57,5.8,0
2016-02-04,17,142,22.95,62.5,5.4,0
2016-02-04,18,6,21.6,68,2.45,0
2016-02-04,19,0,21.05,71.5,1.1,0
2016-02-04,20,0,19.8,78,2,0
2016-02-04,21,0,18.55,81,0.2,0
2016-02-04,22,0,17.95,84,0.2,0
2016-02-04,23,0,17.8,85,0.4,0
2016-02-05,0,0,17.1,87.5,0,0
2016-02-05,1,0,17.05,89,0,0
2016-02-05,2,0,17.05,90,0.2,0
2016-02-05,3,0,16.6,91,0.4,0
2016-02-05,4,0,16.65,91,0,0
2016-02-05,5,0,16.6,91.5,0.65,0
2016-02-05,6,8,16.6,92,0,0
2016-02-05,7,70.5,17.05,91.5,0.45,0
2016-02-05,8,253,18.85,86.5,0.2,0
2016-02-05,9,417.5,20.65,82.5,1.55,0
2016-02-05,10,682.5,21.95,77,1.55,0
2016-02-05,11,875.5,23.9,70,2.25,0
2016-02-05,12,836.5,24.75,64.5,2.2,0
2016-02-05,13,788,26.35,55.5,2.65,0
2016-02-05,14,676,25.55,62.5,4.5,0
2016-02-05,15,614.5,24.8,64,5.4,0
2016-02-05,16,337.5,23,67.5,5.4,0
2016-02-05,17,45,21,72.5,2.9,0
2016-02-05,18,1,17.35,91,1.1,6.8
2016-02-05,19,0,17.05,90,0.2,0
2016-02-05,20,0,16.95,93,0,0
2016-02-05,21,0,16.9,93,0,0
2016-02-05,22,0,17.1,94,0.2,0
2016-02-05,23,0,16.65,92.5,0.4,0
2016-02-06,0,0,16.5,95,0.2,0
2016-02-06,1,0,15.9,95.5,0.2,0
2016-02-06,2,0,16.1,93.5,0.2,0
2016-02-06,3,0,15.35,96,0.2,0
2016-02-06,4,0,15.6,96,0,0
2016-02-06,5,0,15.6,96,0,0
2016-02-06,6,3.5,15.8,96,0,0
2016-02-06,7,94.5,16.35,96.5,0,0
2016-02-06,8,356,19.05,89.5,0.9,0
2016-02-06,9,600.5,21,78.5,1.1,0.2
2016-02-06,10,697,23.35,73,0.9,0
2016-02-06,11,691,24.3,63.5,1.35,0
2016-02-06,12,888,25.3,55.5,1.8,0
2016-02-06,13,827,27.5,44,1.55,0
2016-02-06,14,804.5,27.85,38.5,2.9,0
2016-02-06,15,639.5,27.8,40.5,3.8,0
2016-02-06,16,413,26.7,50,4.25,0
2016-02-06,17,163.5,24.45,61,4.9,0
2016-02-06,18,19,22.6,67,3.35,0
2016-02-06,19,0,21.8,67,0.4,0
2016-02-06,20,0,21.3,68.5,0.2,0
2016-02-06,21,0,20.1,75,0,0
2016-02-06,22,0,20.3,72.5,0.4,0
2016-02-06,23,0,19.3,74,0,0
2016-02-07,0,0,18.35,77.5,0.2,0
2016-02-07,1,0,16.7,84.5,0.65,0
2016-02-07,2,0,16.45,87.5,0.65,0
2016-02-07,3,0,15.9,87.5,0,0
2016-02-07,4,0,15.2,91.5,0,0
2016-02-07,5,0,15.45,90,0,0
2016-02-07,6,3.5,15.2,90,0,0
2016-02-07,7,122,16.75,91,0,0
2016-02-07,8,352,19.5,81.5,0,0
2016-02-07,9,578,22.05,70,0,0
2016-02-07,10,761.5,24.7,59,0.65,0
2016-02-07,11,696,25.75,58,1.3,0
2016-02-07,12,886,26.75,52,2.45,0
2016-02-07,13,902,27.7,46,3.8,0
2016-02-07,14,720.5,27.6,48.5,3.55,0
2016-02-07,15,269,25.85,54.5,4.7,0
2016-02-07,16,378.5,24.9,56.5,5.35,0
2016-02-07,17,132,23.25,63.5,5.15,0
2016-02-07,18,6.5,21.8,73,4.25,0
2016-02-07,19,0,21.3,74.5,2,0
2016-02-07,20,0,21,77,1.1,0
2016-02-07,21,0,20.5,79,0.65,0
2016-02-07,22,0,19.6,83,0.4,0
2016-02-07,23,0,18.55,88,0.4,0
2016-02-08,0,0,17.85,90.5,0.4,0
2016-02-08,1,0,17.5,94,0.2,0
2016-02-08,2,0,17,94.5,0.4,0
2016-02-08,3,0,16.9,95,0.2,0
2016-02-08,4,0,16.7,95.5,0.2,0
2016-02-08,5,0,16.75,96,0.2,0
2016-02-08,6,1.5,16.85,97,0.2,0
2016-02-08,7,45.5,17.65,98,0,0
2016-02-08,8,166,18.75,93.5,0.65,0
2016-02-08,9,217,20.2,87.5,0.65,0
2016-02-08,10,341.5,21.7,80.5,0.9,0
2016-02-08,11,355,22.75,78.5,0.9,0
2016-02-08,12,448,24.15,71,1.1,0
2016-02-08,13,422.5,25.5,65.5,0.9,0
2016-02-08,14,354.5,25.95,62.5,1.1,0
2016-02-08,15,218,25.05,64,2.2,0
2016-02-08,16,149,22.5,75,1.75,0
2016-02-08,17,117.5,22.3,75.5,1.1,0
2016-02-08,18,21.5,20.55,81,1.55,0
2016-02-08,19,0,19.95,84.5,0.2,0
2016-02-08,20,0,19.55,88,0,0
2016-02-08,21,0,19.45,90.5,0,0
2016-02-08,22,0,19.3,91.5,0,0
2016-02-08,23,0,18.8,93,0.2,0
2016-02-09,0,0,18.3,94.5,0.2,0
2016-02-09,1,0,18.1,95.5,0.4,0
2016-02-09,2,0,17.8,96,0,0
2016-02-09,3,0,17.65,97,0,0
2016-02-09,4,0,17.75,96,0,0
2016-02-09,5,0,17.2,95.5,0.45,0
2016-02-09,6,4.5,16.95,95.5,0.4,0
2016-02-09,7,109,18.25,93.5,0,0
2016-02-09,8,331.5,20.1,85,0.65,0
2016-02-09,9,593.5,22.9,73,0.9,0
2016-02-09,10,552,23.9,69.5,2,0
2016-02-09,11,609,25.5,63.5,1.75,0
2016-02-09,12,901.5,26.5,56.5,2.45,0
2016-02-09,13,952,27.05,53.5,2.65,0
2016-02-09,14,356.5,26.7,51.5,2.25,0
2016-02-09,15,346,26.7,54,3.8,0
2016-02-09,16,295,25.4,58.5,4.25,0
2016-02-09,17,92.5,23.65,65,4.25,0
2016-02-09,18,6.5,22.25,73,2.65,0
2016-02-09,19,0,21.65,77.5,0.9,0
2016-02-09,20,0,21.2,80,1.1,0
2016-02-09,21,0,20.05,88.5,0.65,0.4
2016-02-09,22,0,18.75,93,1.1,0
2016-02-09,23,0,18.45,95,0,0.2
2016-02-10,0,0,18.25,96.5,0,0
2016-02-10,1,0,18,96.5,0,3
2016-02-10,2,0,17.2,93.5,0.4,0
2016-02-10,3,0,16.45,94,0.2,0.2
2016-02-10,4,0,16.4,94,0.2,0
2016-02-10,5,0,16.3,96.5,0.2,0
2016-02-10,6,4,16.5,98,0.2,0
2016-02-10,7,112.5,17.95,94.5,0,0
2016-02-10,8,134,17.4,98,0.85,0
2016-02-10,9,379.5,20.05,88.5,0.4,0
2016-02-10,10,494.5,22.2,79,1.1,0
2016-02-10,11,898,24.55,67.5,1.1,0
2016-02-10,12,979.5,26.5,62.5,2,0
2016-02-10,13,923,26.7,60,2.9,0
2016-02-10,14,383,25.55,64,2.9,0
2016-02-10,15,587,27.05,56,2.65,0
2016-02-10,16,221.5,25.35,63,3.6,0
2016-02-10,17,123,23.55,71.5,3.6,0
2016-02-10,18,7.5,21.9,79,3.15,0
2016-02-10,19,0,21,83,3.15,0
2016-02-10,20,0,20.7,85,0.65,0
2016-02-10,21,0,20.35,87.5,0.4,0
2016-02-10,22,0,20.15,86.5,0.65,0
2016-02-10,23,0,20.05,86,0.2,0
2016-02-11,0,0,19.5,88,0,0
2016-02-11,1,0,18.75,93.5,0,0
2016-02-11,2,0,18.2,96,0,0
2016-02-11,3,0,17.85,97,0,0
2016-02-11,4,0,17.8,97.5,0.2,0
2016-02-11,5,0,17.4,97.5,0,0
2016-02-11,6,5.5,17.25,97.5,0.2,0
2016-02-11,7,120,18.05,98,0.65,0
2016-02-11,8,287.5,20.4,88,0.2,0
2016-02-11,9,210,20.95,83.5,0.65,0
2016-02-11,10,506,23.5,73.5,0.65,0
2016-02-11,11,877,26.1,61.5,1.3,0
2016-02-11,12,911.5,26.6,55.5,2.25,0
2016-02-11,13,757.5,27.15,52.5,2.2,0
2016-02-11,14,798,27.6,50,3.55,0
2016-02-11,15,646.5,27.15,53,4.25,0
2016-02-11,16,438,25.4,57.5,5.85,0
2016-02-11,17,54.5,23.2,60,3.6,0
2016-02-11,18,4,21.6,69.5,1.8,0
2016-02-11,19,0,20.5,78.5,1.55,0
2016-02-11,20,0,20.1,81.5,1.1,0
2016-02-11,21,0,18.95,88.5,0,0
2016-02-11,22,0,17.95,93,0,0
2016-02-11,23,0,17.55,94.5,0,0
2016-02-12,0,0,17.45,95,0,0
2016-02-12,1,0,17.7,94,0,0
2016-02-12,2,0,17.65,94,0,0
2016-02-12,3,0,17.2,94,0,0
2016-02-12,4,0,16.8,94.5,0,0
2016-02-12,5,0,16.25,95,0,0
2016-02-12,6,4.5,16.05,96.5,0,0
2016-02-12,7,93.5,17.25,93.5,0,0
2016-02-12,8,356.5,20.2,85,1.55,0
2016-02-12,9,519.5,22.3,73.5,1.55,0
2016-02-12,10,630.5,24.55,61.5,0.85,0
2016-02-12,11,782.5,25.6,59,1.75,0
2016-02-12,12,994,27.75,50.5,1.55,0
2016-02-12,13,1023.5,29.1,43.5,2,0
2016-02-12,14,846.5,29.65,38.5,1.8,0
2016-02-12,15,500,27.75,48.5,4.45,0
2016-02-12,16,354,26.25,57.5,5.6,0
2016-02-12,17,179.5,24,67,4.7,0
2016-02-12,18,9,21.95,74,3.8,0
2016-02-12,19,0,21.6,76,1.1,0
2016-02-12,20,0,20.95,79,0.65,0
2016-02-12,21,0,20.35,83,0.2,0
2016-02-12,22,0,19.75,85.5,0,0
2016-02-12,23,0,19.3,89,0.65,0
2016-02-13,0,0,18.4,92.5,0,2.6
2016-02-13,1,0,18,95,0,0
2016-02-13,2,0,17.85,96.5,0,0
2016-02-13,3,0,17.6,97,0,0.4
2016-02-13,4,0,17.45,97,0,0
2016-02-13,5,0,17.25,97,0,0
2016-02-13,6,2.5,16.95,97,0,0.2
2016-02-13,7,61.5,17.45,97.5,0,0
2016-02-13,8,242,18.9,94.5,0.2,0
2016-02-13,9,592,21.55,81.5,0.65,0
2016-02-13,10,419,22.75,75,0.9,0
2016-02-13,11,686,24.65,65,1.1,0
2016-02-13,12,795.5,26.05,60,2,0
2016-02-13,13,875,28.65,51,2.65,0
2016-02-13,14,816.5,28.8,45,2.9,0
2016-02-13,15,649,28.1,52,4,0
2016-02-13,16,341.5,25.6,63,5.35,0
2016-02-13,17,153.5,23.65,67.5,3.6,0
2016-02-13,18,3,21.2,74.5,0.85,0
2016-02-13,19,0,20.05,79.5,0,0
2016-02-13,20,0,20.35,81.5,0.4,0
2016-02-13,21,0,20.15,85,0.4,0
2016-02-13,22,0,19.8,87,0.65,0
2016-02-13,23,0,19.45,88,0,0
2016-02-14,0,0,19.15,89.5,0,0
2016-02-14,1,0,18.5,91.5,0,0
2016-02-14,2,0,17.95,95,0,0
2016-02-14,3,0,17.5,95.5,0,0
2016-02-14,4,0,17.15,96,0,0
2016-02-14,5,0,16.85,96.5,0,0
2016-02-14,6,2,16.85,96.5,0.2,0
2016-02-14,7,59.5,17.65,96,0,0
2016-02-14,8,382,20.55,86,0.65,0
2016-02-14,9,314,20.95,84.5,1.1,0
2016-02-14,10,411,23.15,74,0.9,0
2016-02-14,11,744,25.95,63,1.1,0
2016-02-14,12,669,26.85,56.5,1.55,0
2016-02-14,13,488.5,26.95,55.5,2,0
2016-02-14,14,554,27.7,51,2.7,0
2016-02-14,15,269.5,27,56,2.9,0
2016-02-14,16,375.5,26.35,61.5,4,0
2016-02-14,17,165.5,24.5,63,4.5,0
2016-02-14,18,21.5,22.55,68.5,4.5,0
2016-02-14,19,0,21.9,72.5,1.1,0
2016-02-14,20,0,21.15,75.5,0.2,0
2016-02-14,21,0,20.7,78.5,0,0
2016-02-14,22,0,20.25,81.5,0.2,0
2016-02-14,23,0,19.85,85.5,0,0
2016-02-15,0,0,19.25,86.5,0,0
2016-02-15,1,0,17.9,91,0.2,0
2016-02-15,2,0,17.65,91.5,0.2,0
2016-02-15,3,0,16.95,92.5,0,0
2016-02-15,4,0,16.75,94,0,0
2016-02-15,5,0,16.7,94.5,0,0
2016-02-15,6,3,16.35,96,0,0
2016-02-15,7,93,17.55,95,0,0
2016-02-15,8,369,21,84,1.1,0
2016-02-15,9,610,23.6,73.5,1.1,0
2016-02-15,10,499,25,66.5,0.9,0
2016-02-15,11,838,27.5,55.5,1.1,0
2016-02-15,12,618.5,27.15,52,2,0
2016-02-15,13,381,28.85,45,1.1,0
2016-02-15,14,262,28.2,44.5,2,0
2016-02-15,15,439.5,27.7,50,1.55,0
2016-02-15,16,271.5,26.95,57.5,3.55,0
2016-02-15,17,148.5,24.9,64,4.9,0
2016-02-15,18,9.5,22.9,73.5,4.45,0
2016-02-15,19,0,21.8,79,1.1,0
2016-02-15,20,0,21.35,82,0.2,0
2016-02-15,21,0,20.85,84.5,0,0
2016-02-15,22,0,20.3,87,0.4,0
2016-02-15,23,0,19.6,91,0.4,0
2016-02-16,0,0,19.35,92.5,0,0
2016-02-16,1,0,18.85,93,0,0
2016-02-16,2,0,18.15,94,0,0
2016-02-16,3,0,17.95,96,0,0
2016-02-16,4,0,17.85,96,0,0
2016-02-16,5,0,18.05,96,0,0
2016-02-16,6,3.5,17.85,97,0.2,0
2016-02-16,7,66,18.25,97,0,0
2016-02-16,8,289.5,20.7,87.5,0.2,0
2016-02-16,9,593,24.1,74,1.1,0
2016-02-16,10,725,25.75,67.5,0.9,0
2016-02-16,11,655.5,27.2,57,1.1,0
2016-02-16,12,807,28.4,52,2,0
2016-02-16,13,922,30.25,43.5,3.1,0
2016-02-16,14,820.5,30.2,42,3.35,0
2016-02-16,15,491,29.2,48,4.45,0
2016-02-16,16,79,26.4,61.5,3.8,0
2016-02-16,17,49.5,24.65,70,2.65,0
2016-02-16,18,3,22.6,77.5,1.75,0
2016-02-16,19,0,22.75,79,1.55,0
2016-02-16,20,0,19.95,88,3.6,0.6
2016-02-16,21,0,17.85,93.5,4.25,8.6
2016-02-16,22,0,17.2,96.5,0.65,17.4
2016-02-16,23,0,17.25,96,1.1,0.8
2016-02-17,0,0,17.15,96.5,0.9,0.4
2016-02-17,1,0,16.85,97,0.65,0
2016-02-17,2,0,16.75,97.5,0.65,0
2016-02-17,3,0,16.65,97,1.3,0
2016-02-17,4,0,16.45,97,0.4,0
2016-02-17,5,0,16.05,97,0.2,0
2016-02-17,6,6,15.7,97.5,0,0
2016-02-17,7,142.5,17.7,96.5,0.45,0
2016-02-17,8,252,17.8,98,1.3,0
2016-02-17,9,622.5,20.9,91,1.1,0
2016-02-17,10,713.5,22.25,82.5,1.3,0
2016-02-17,11,903,24.4,69,1.35,0
2016-02-17,12,923.5,25.2,68.5,1.8,0
2016-02-17,13,872,25.95,66,2.45,0
2016-02-17,14,754.5,26.3,62,3.35,0
2016-02-17,15,445,25.55,66,3.8,0
2016-02-17,16,381,24.85,67,4.25,0
2016-02-17,17,139,23.1,72.5,3.35,0
2016-02-17,18,9.5,22.1,75.5,1.35,0
2016-02-17,19,0,20.9,81.5,1.55,0
2016-02-17,20,0,20,86,2.45,0
2016-02-17,21,0,19.55,91.5,0,0
2016-02-17,22,0,19.15,92.5,0.2,0
2016-02-17,23,0,18.95,94,0,0
2016-02-18,0,0,18.55,94.5,0,0
2016-02-18,1,0,18.35,95,0,0
2016-02-18,2,0,18.1,95,0,0
2016-02-18,3,0,17.35,96,0,0
2016-02-18,4,0,16.65,96.5,0,0
2016-02-18,5,0,16.4,97,0.2,0
2016-02-18,6,4,16.3,97,0,0
2016-02-18,7,81,17.2,97,0,0
2016-02-18,8,324,19,93.5,0.9,0
2016-02-18,9,609.5,22.1,81.5,1.3,0
2016-02-18,10,848.5,24.25,70,1.3,0
2016-02-18,11,613,24.95,70,1.3,0
2016-02-18,12,979.5,26.95,62,1.75,0
2016-02-18,13,953.5,27.65,57,1.8,0
2016-02-18,14,833,28.35,51,2.25,0
2016-02-18,15,652,27.9,52.5,4,0
2016-02-18,16,345.5,26.05,58.5,5.4,0
2016-02-18,17,66,23.9,61.5,4.45,0
2016-02-18,18,8,22.95,68,1.55,0
2016-02-18,19,0,21.95,74,1.1,0
2016-02-18,20,0,20.75,79,0.2,0
2016-02-18,21,0,19.6,86,0.4,0
2016-02-18,22,0,19.8,89,0.2,0
2016-02-18,23,0,19.1,90.5,0.2,0
2016-02-19,0,0,18.7,93,0.2,0
2016-02-19,1,0,18.45,93.5,0,0
2016-02-19,2,0,17.9,95.5,0,0
2016-02-19,3,0,17.45,97,0.4,0
2016-02-19,4,0,17.3,96.5,0,0
2016-02-19,5,0,17.25,97,0.4,0
2016-02-19,6,2.5,17.15,97,0.2,0
2016-02-19,7,69,17.65,97,0,0
2016-02-19,8,239.5,20.25,90,0.2,0
2016-02-19,9,319.5,21.5,82,0.65,0
2016-02-19,10,736,23.95,72,1.1,0
2016-02-19,11,946,27.05,63,1.3,0
2016-02-19,12,983.5,28.3,50,1.8,0
2016-02-19,13,923,28.95,45.5,2.2,0
2016-02-19,14,815,28.55,47.5,3.35,0
2016-02-19,15,621,28,54.5,4.5,0
2016-02-19,16,375.5,25.8,62.5,4.9,0
2016-02-19,17,156,24.2,67,4.05,0
2016-02-19,18,15.5,22.85,71,3.8,0
2016-02-19,19,0,22.15,72,0.9,0
2016-02-19,20,0,21.7,74.5,0.65,0
2016-02-19,21,0,21.35,75,0.4,0
2016-02-19,22,0,20.95,77,0,0
2016-02-19,23,0,20.1,81.5,0.2,0
2016-02-20,0,0,19.4,89,0.2,0
2016-02-20,1,0,18.8,90.5,0,0
2016-02-20,2,0,18.6,89.5,0,0
2016-02-20,3,0,17.85,89.5,0,0
2016-02-20,4,0,17.85,90.5,0,0
2016-02-20,5,0,17.5,92.5,0,0
2016-02-20,6,3,17,95,0,0
2016-02-20,7,68.5,17.6,95.5,0.45,0
2016-02-20,8,196,19.2,91.5,0.9,0
2016-02-20,9,477,21.9,80.5,1.1,0
2016-02-20,10,729.5,25.6,66,1.1,0
2016-02-20,11,841,27.1,63.5,1.3,0
2016-02-20,12,931.5,27.85,55.5,2.45,0
2016-02-20,13,946,28.15,53.5,3.35,0
2016-02-20,14,808.5,28.3,55.5,4.25,0
2016-02-20,15,592.5,27.3,57,4.25,0
2016-02-20,16,173,25.5,62,4.05,0
2016-02-20,17,185,24.4,66,4.25,0
2016-02-20,18,11.5,22.5,70,4.05,0
2016-02-20,19,0,21.6,74.5,2.25,0
2016-02-20,20,0,21.15,78,1.1,0
2016-02-20,21,0,20.7,82,0.4,0
2016-02-20,22,0,18.2,91,3.35,0
2016-02-20,23,0,17.65,94,0.65,0
2016-02-21,0,0,17.4,95,0.2,0
2016-02-21,1,0,17.6,95.5,0,0
2016-02-21,2,0,17.4,96.5,0,0
2016-02-21,3,0,17.15,97,0,0
2016-02-21,4,0,17.05,97,0,0
2016-02-21,5,0,17.1,97.5,0,0
2016-02-21,6,4,16.8,97,0,0
2016-02-21,7,33.5,17.45,97.5,0,0
2016-02-21,8,104.5,18.4,96.5,0.2,0
2016-02-21,9,219,19.75,91,0.4,0
2016-02-21,10,386.5,21.85,81,0.65,0
2016-02-21,11,452.5,23.35,76.5,1.3,0
2016-02-21,12,179,21.2,89,0.9,8.4
2016-02-21,13,303.5,21.3,88,1.1,0
2016-02-21,14,243.5,21.85,82.5,1.3,0.2
2016-02-21,15,221.5,22.25,78.5,0.65,0
2016-02-21,16,166,22.15,82,0.9,0
2016-02-21,17,39.5,21.25,85.5,0.9,0
2016-02-21,18,1.5,19.15,93,0.85,0.4
2016-02-21,19,0,18.35,96.5,0,0.2
2016-02-21,20,0,18.35,96,0,0
2016-02-21,21,0,18.4,97,0,0
2016-02-21,22,0,17.95,96.5,0.4,0
2016-02-21,23,0,17.9,96.5,1.1,0
2016-02-22,0,0,17.95,96,1.1,0
2016-02-22,1,0,17.75,97.5,0.2,0
2016-02-22,2,0,17.6,98,0,0
2016-02-22,3,0,17.4,98,0,0
2016-02-22,4,0,17.25,98.5,0,0.2
2016-02-22,5,0,17.2,99,0.2,0.8
2016-02-22,6,2.5,17.1,99,0,0
2016-02-22,7,38.5,17.45,99,0,0
2016-02-22,8,94.5,17.95,98.5,0.2,0
2016-02-22,9,158.5,18.65,96,0.2,0.2
2016-02-22,10,471.5,20.85,88,0.65,0
2016-02-22,11,246.5,21.5,84,1.1,0
2016-02-22,12,427,22.45,84.5,1.3,0
2016-02-22,13,668.5,24.05,76.5,1.55,0
2016-02-22,14,652,24.7,72,2.45,0
2016-02-22,15,373.5,24.45,68.5,2.2,0
2016-02-22,16,105.5,22.95,80,1.75,0
2016-02-22,17,30.5,20.85,85,1.55,0
2016-02-22,18,2.5,18.55,91,2,0
2016-02-22,19,0,17.85,92.5,1.35,0
2016-02-22,20,0,17.95,89,0.85,0
2016-02-22,21,0,17.75,92,0.4,0
2016-02-22,22,0,17.25,95,0,0
2016-02-22,23,0,17.15,96,0,0.2
2016-02-23,0,0,16.7,96,0,0.2
2016-02-23,1,0,16.8,97,0,0
2016-02-23,2,0,16.65,97.5,0.2,0.4
2016-02-23,3,0,16.65,98,0,0
2016-02-23,4,0,16.6,98,0,0
2016-02-23,5,0,16.4,98,0.2,0
2016-02-23,6,4.5,16.35,98,0,0
2016-02-23,7,55.5,16.95,99,0.65,0.2
2016-02-23,8,183,17.75,98.5,1.8,0
2016-02-23,9,266,18.85,97.5,0.9,0
2016-02-23,10,599.5,21.85,85.5,1.35,0
2016-02-23,11,816.5,23.3,79.5,1.55,0
2016-02-23,12,822,25.75,68.5,1.3,0
2016-02-23,13,746.5,26.7,66,1.35,0
2016-02-23,14,424.5,26.55,63.5,1.8,0
2016-02-23,15,556,27.15,58.5,2.25,0
2016-02-23,16,117.5,24.8,65.5,2,0
2016-02-23,17,25,18.55,89,2.9,19.8
2016-02-23,18,5.5,17.85,93.5,0.2,0.2
2016-02-23,19,0,18.55,91.5,0.2,0
2016-02-23,20,0,18.85,93,0.4,0
2016-02-23,21,0,18.9,94.5,0,0
2016-02-23,22,0,18.45,95,0.45,0.8
2016-02-23,23,0,18.15,95.5,0,0
2016-02-24,0,0,17.95,96,0.4,0
2016-02-24,1,0,18.05,96.5,0,0
2016-02-24,2,0,17.5,96.5,0.2,0
2016-02-24,3,0,17.05,96.5,0,0
2016-02-24,4,0,16.7,96.5,0,0
2016-02-24,5,0,16.65,95.5,0.2,0
2016-02-24,6,6,16.3,95.5,0.2,0
2016-02-24,7,78,17,97.5,0.4,0
2016-02-24,8,359.5,19.65,91.5,0.85,0
2016-02-24,9,606,22,85.5,0.9,0
2016-02-24,10,781.5,24.3,74.5,0.9,0
2016-02-24,11,928.5,25.75,69.5,1.35,0
2016-02-24,12,971,27.2,59.5,1.3,0
2016-02-24,13,968,28.6,55,1.55,0
2016-02-24,14,622,27.9,51,2.2,0
2016-02-24,15,307.5,26.75,60,2.9,0
2016-02-24,16,118,25.05,70,2.2,0.2
2016-02-24,17,107,23.75,74,2.25,0
2016-02-24,18,17.5,22.75,80.5,1.75,0
2016-02-24,19,0,21.85,84,0.85,0
2016-02-24,20,0,20.15,84.5,1.55,0
2016-02-24,21,0,19.25,88.5,0.65,0
2016-02-24,22,0,19.15,90.5,0.65,0
2016-02-24,23,0,19.15,91,0.4,0
2016-02-25,0,0,18.55,93.5,0.2,0
2016-02-25,1,0,18.05,95,1.55,0
2016-02-25,2,0,17.4,96,0.65,0
2016-02-25,3,0,17.3,95.5,0.2,0
2016-02-25,4,0,17.25,95.5,0.4,0
2016-02-25,5,0,17,97,0,0
2016-02-25,6,9,17.35,96.5,0.4,0
2016-02-25,7,124,18.7,93.5,0.2,0
2016-02-25,8,275.5,20.3,87.5,0.2,0
2016-02-25,9,582.5,21.7,82,1.1,0
2016-02-25,10,389,21.45,86,1.55,0
2016-02-25,11,579,23.5,78,1.3,0
2016-02-25,12,561,24.45,71.5,1.55,0
2016-02-25,13,804.5,25.45,66.5,1.55,0
2016-02-25,14,653,25.9,61.5,2.25,0
2016-02-25,15,313.5,24.95,68.5,3.6,0
2016-02-25,16,368.5,24.05,70.5,4.5,0
2016-02-25,17,101.5,22.2,72,4,0
2016-02-25,18,13,21.1,76,1.3,0
2016-02-25,19,0,19.95,81.5,0,0
2016-02-25,20,0,19.1,87.5,0.4,0
2016-02-25,21,0,19.2,88,0.2,0
2016-02-25,22,0,18.85,90.5,0.2,0
2016-02-25,23,0,18.35,94.5,0.45,0
2016-02-26,0,0,18,96,0.85,0
2016-02-26,1,0,17.85,96,0.2,0
2016-02-26,2,0,17.6,97,0.2,0
2016-02-26,3,0,17.55,97,0,0
2016-02-26,4,0,17.65,97,0,0
2016-02-26,5,0,17.25,97,0,0
2016-02-26,6,2,17.5,96,0,0
2016-02-26,7,96,18.1,95.5,0.2,0
2016-02-26,8,196.5,19.75,89,0.4,0
2016-02-26,9,286.5,20.5,86.5,0.4,0
2016-02-26,10,620,22.2,84,1.8,0
2016-02-26,11,589.5,23.2,76,1.75,0
2016-02-26,12,318.5,23.35,75,1.1,0
2016-02-26,13,387.5,24.35,71.5,1.1,0
2016-02-26,14,840,25.1,67.5,3.15,0
2016-02-26,15,596.5,24.55,73,4.05,0
2016-02-26,16,315,23.25,74.5,3.8,0
2016-02-26,17,196.5,22.6,76,2.9,0
2016-02-26,18,35.5,20.85,79,2.45,0
2016-02-26,19,0,20.2,81,0.4,0
2016-02-26,20,0,19.7,83.5,0.2,0
2016-02-26,21,0,19.35,87,0,0
2016-02-26,22,0,19,88.5,0,0
2016-02-26,23,0,19.05,89,0,0
2016-02-27,0,0,18.8,89,0,0
2016-02-27,1,0,18.45,90.5,0,0
2016-02-27,2,0,18.1,91.5,0,0
2016-02-27,3,0,17.9,94,0,0
2016-02-27,4,0,18.1,94,0,0
2016-02-27,5,0,17.65,96,0,0
2016-02-27,6,5,17.45,95.5,0,0
2016-02-27,7,72,17.95,96.5,0,0
2016-02-27,8,222.5,19.8,90,0.4,0
2016-02-27,9,306.5,21.15,85.5,0.4,0
2016-02-27,10,804,23.65,74,0.9,0
2016-02-27,11,964,25.8,66,1.55,0
2016-02-27,12,855.5,26.7,64,1.55,0
2016-02-27,13,991.5,28.05,57,2.45,0
2016-02-27,14,721,26.9,64,4,0
2016-02-27,15,678,26.35,65,4.5,0
2016-02-27,16,381,24.7,68,4.7,0
2016-02-27,17,132.5,23.2,69.5,4,0
2016-02-27,18,12,22,76,2.9,0
2016-02-27,19,0,21.45,78.5,0.65,0
2016-02-27,20,0,20.5,83,0,0
2016-02-27,21,0,20.15,85.5,0.2,0
2016-02-27,22,0,19.7,86.5,0.4,0
2016-02-27,23,0,18.9,91,0.2,0.6
2016-02-28,0,0,18.7,90.5,0,0
2016-02-28,1,0,18.5,93.5,0,0
2016-02-28,2,0,18.45,95,0,0
2016-02-28,3,0,17.95,96.5,0,0
2016-02-28,4,0,17.75,96.5,0,0
2016-02-28,5,0,17.85,96,0,0
2016-02-28,6,1.5,17.8,97,0,0
2016-02-28,7,60,18.5,96.5,0,0
2016-02-28,8,247.5,20.45,89.5,0.2,0
2016-02-28,9,352,22.2,84,0.4,0
2016-02-28,10,822.5,23.95,78.5,0.65,0
2016-02-28,11,974.5,26.1,67.5,1.1,0
2016-02-28,12,976,26.9,57.5,2.25,0
2016-02-28,13,863,28.1,52.5,2.9,0
2016-02-28,14,796,27.8,55.5,3.8,0
2016-02-28,15,586,26.45,63,4.25,0
2016-02-28,16,353,24.5,68.5,4.7,0
2016-02-28,17,106.5,22.15,75.5,3.35,0
2016-02-28,18,8,21.05,80,2,0
2016-02-28,19,0,20.45,83.5,2,0
2016-02-28,20,0,20.25,84,0.85,0
2016-02-28,21,0,20.1,84.5,0.4,0
2016-02-28,22,0,20,85.5,0.4,0
2016-02-28,23,0,19.8,86,0.4,0
2016-02-29,0,0,18.9,89.5,0,0
2016-02-29,1,0,18.5,91.5,0,0
2016-02-29,2,0,18.05,93.5,0,0
2016-02-29,3,0,17.85,94.5,0,0
2016-02-29,4,0,17.3,94.5,0,0
2016-02-29,5,0,16.75,97,0,0
2016-02-29,6,6,16.8,97,0,0
2016-02-29,7,103.5,17.75,95,0,0
2016-02-29,8,325,20.05,89.5,0.65,0
2016-02-29,9,543,21.8,81,1.3,0
2016-02-29,10,633,23.7,71.5,1.1,0
2016-02-29,11,649.5,25.25,68.5,0.9,0
2016-02-29,12,634.5,26.25,62.5,1.55,0
2016-02-29,13,726.5,26.9,59,1.75,0
2016-02-29,14,641.5,26.8,60.5,3.1,0
2016-02-29,15,460.5,25.9,65.5,3.8,0
2016-02-29,16,287,24.35,68.5,4,0
2016-02-29,17,95,22.7,73.5,4,0
2016-02-29,18,11,21.7,76.5,2.45,0
2016-02-29,19,0,21.05,81,0.9,0
2016-02-29,20,0,20.6,83,0.2,0
2016-02-29,21,0,19.9,86.5,0,0
2016-02-29,22,0,19.45,88.5,0,0
2016-02-29,23,0,19.15,90.5,0.2,0
2016-03-01,0,0,19.25,91,0.2,0
2016-03-01,1,0,19.05,92.5,0,0
2016-03-01,2,0,18.85,93,0,0
2016-03-01,3,0,18.2,95.5,0,0
2016-03-01,4,0,17.75,96.5,0,0
2016-03-01,5,0,17.85,96.5,0,0
2016-03-01,6,2,17.7,97,0,0
2016-03-01,7,58.5,18.15,97,0,0
2016-03-01,8,227.5,19.75,93.5,0.2,0
2016-03-01,9,649.5,22.5,82.5,1.1,0
2016-03-01,10,445,23.15,77.5,0.9,0
2016-03-01,11,706.5,25.2,69.5,1.1,0
2016-03-01,12,807.5,26.9,63,1.8,0
2016-03-01,13,845,26.9,61.5,2.7,0
2016-03-01,14,813,27.5,58.5,2.7,0
2016-03-01,15,577,26.9,63,3.8,0
2016-03-01,16,303,25.35,67,3.8,0
2016-03-01,17,153.5,23.05,72.5,3.8,0
2016-03-01,18,18,21.6,76.5,3.8,0
2016-03-01,19,0,21.05,77.5,1.8,0
2016-03-01,20,0,20.5,80.5,0.65,0
2016-03-01,21,0,19.6,84.5,0.2,0
2016-03-01,22,0,18.6,89.5,0.2,0
2016-03-01,23,0,18.5,89.5,0.4,0
2016-03-02,0,0,18.15,91,0.2,0
2016-03-02,1,0,17.8,92.5,0,0
2016-03-02,2,0,17.55,94,0,0
2016-03-02,3,0,17.1,95,0.2,0
2016-03-02,4,0,17.55,95.5,0,0
2016-03-02,5,0,17.3,96,0,0
2016-03-02,6,5.5,17.35,96,0,0
2016-03-02,7,85,18,95.5,0.2,0
2016-03-02,8,295,19.95,88.5,0.65,0
2016-03-02,9,568.5,22.55,77,0.65,0
2016-03-02,10,834,24.35,71.5,1.1,0
2016-03-02,11,929,26.7,66.5,1.1,0
2016-03-02,12,904,27.85,57,1.55,0
2016-03-02,13,957.5,29.05,48.5,2,0
2016-03-02,14,848,29,46,2.65,0
2016-03-02,15,658,27.65,60,4,0
2016-03-02,16,405.5,25.45,61.5,4.95,0
2016-03-02,17,125.5,23.4,68.5,3.35,0
2016-03-02,18,16.5,22.15,74,1.1,0
2016-03-02,19,0,21.25,76.5,0.65,0
2016-03-02,20,0,20.25,82,0,0
2016-03-02,21,0,19.65,86,0.2,0
2016-03-02,22,0,19.65,85,0,0
2016-03-02,23,0,18.8,88,0.2,0
2016-03-03,0,0,18.4,90.5,0.2,0
2016-03-03,1,0,18.15,93,0.4,0
2016-03-03,2,0,18.1,94,0.2,0
2016-03-03,3,0,18,93,0,0
2016-03-03,4,0,17.85,94.5,0.2,0
2016-03-03,5,0,17.65,95,0.2,0
2016-03-03,6,4.5,17.45,96,0,0
2016-03-03,7,61,18.1,96,0,0
2016-03-03,8,252,20.1,89,0.2,0
2016-03-03,9,521.5,22.4,80.5,0.4,0
2016-03-03,10,596.5,24.15,76.5,1.55,0
2016-03-03,11,854.5,25.4,67,1.75,0
2016-03-03,12,699,26.3,61,2.25,0
2016-03-03,13,831,27.3,61,2.25,0
2016-03-03,14,621.5,26.75,62.5,3.1,0
2016-03-03,15,522.5,26.45,62,3.55,0
2016-03-03,16,402,25.65,64,3.55,0
2016-03-03,17,170,23.55,69.5,4.25,0
2016-03-03,18,11.5,22.2,75,1.55,0
2016-03-03,19,0,21.5,78,0.9,0
2016-03-03,20,0,21,81.5,0.65,0
2016-03-03,21,0,20.55,84,0.4,0
2016-03-03,22,0,20.15,86.5,0.4,0
2016-03-03,23,0,19.85,89,0.2,0
2016-03-04,0,0,19.5,91,0.4,0
2016-03-04,1,0,18.75,93,0,0
2016-03-04,2,0,18.95,93,0.2,0
2016-03-04,3,0,18.85,93.5,0,0
2016-03-04,4,0,18,96,0,0
2016-03-04,5,0,17.9,96,0,0
2016-03-04,6,3,17.8,97,0.2,0
2016-03-04,7,54.5,18.25,97,0.45,0
2016-03-04,8,306,20.45,91.5,0.4,0
2016-03-04,9,464.5,21.3,86.5,1.35,0
2016-03-04,10,805,24.3,75,1.35,0
2016-03-04,11,889,26.55,64.5,1.1,0
2016-03-04,12,953,27.1,61.5,2,0
2016-03-04,13,527,26.8,57.5,3.1,0
2016-03-04,14,693.5,26.9,62.5,3.8,0
2016-03-04,15,395.5,25.35,64,4.45,0
2016-03-04,16,342,24.15,68.5,4.25,0
2016-03-04,17,61.5,22.8,72,2,0
2016-03-04,18,8.5,21.95,75.5,0.65,0
2016-03-04,19,0,20.35,82,0.65,0
2016-03-04,20,0,19.6,87.5,0,0
2016-03-04,21,0,19.4,87.5,0.2,0
2016-03-04,22,0,18.9,88.5,0.2,0
2016-03-04,23,0,18.65,90,0,0
2016-03-05,0,0,18.3,91.5,0,0
2016-03-05,1,0,17.75,93.5,0,0
2016-03-05,2,0,17.6,95,0,0
2016-03-05,3,0,17.55,94.5,0.2,0
2016-03-05,4,0,17.2,95.5,0,0
2016-03-05,5,0,17.15,95.5,0,0
2016-03-05,6,3.5,17.25,95.5,0,0
2016-03-05,7,109.5,18.45,93.5,0.2,0
2016-03-05,8,306,20.45,83.5,0.4,0
2016-03-05,9,704,23.4,76.5,1.1,0
2016-03-05,10,721.5,24.4,71.5,0.9,0
2016-03-05,11,825,26.15,67.5,1.75,0
2016-03-05,12,1035.5,27.5,58,1.8,0
2016-03-05,13,891,28,53,2.45,0
2016-03-05,14,792,27.7,57,3.55,0
2016-03-05,15,571.5,26.85,59.5,4,0
2016-03-05,16,259,25.25,64,4.05,0
2016-03-05,17,101,23.45,69,4,0
2016-03-05,18,13.5,22.45,72,2.7,0
2016-03-05,19,0,21.4,79.5,1.35,0.2
2016-03-05,20,0,19.15,87.5,0.65,0
2016-03-05,21,0,18.85,89,0.9,0
2016-03-05,22,0,18.45,90.5,2.9,0
2016-03-05,23,0,17.8,94,0.65,0
2016-03-06,0,0,17.5,96,0.4,0
2016-03-06,1,0,17.3,96,0.4,0
2016-03-06,2,0,16.95,97,0.2,0
2016-03-06,3,0,17.1,98,0.65,0
2016-03-06,4,0,17.3,97,0.4,0
2016-03-06,5,0,17.5,97.5,0,0
2016-03-06,6,2,17.5,97.5,0.2,0
2016-03-06,7,52.5,18,97,0.4,0
2016-03-06,8,206.5,19.4,91.5,0.4,0
2016-03-06,9,307.5,20.3,89,0.9,0
2016-03-06,10,371,21.45,81.5,1.1,0.2
2016-03-06,11,608.5,22.7,77.5,2,0
2016-03-06,12,702.5,24.45,71,1.3,0
2016-03-06,13,748,25.4,64.5,2,0
2016-03-06,14,484,25.85,61,2.25,0
2016-03-06,15,490,25.75,63,3.35,0
2016-03-06,16,360.5,25.1,65,3.8,0
2016-03-06,17,139.5,23.4,68.5,3.35,0
2016-03-06,18,12,22,74.5,1.1,0
2016-03-06,19,0,19.6,83,3.55,0
2016-03-06,20,0,18.7,82.5,6.25,0
2016-03-06,21,0,17.9,83.5,3.15,0
2016-03-06,22,0,16.8,90,0.2,0
2016-03-06,23,0,16.4,90.5,0.85,0
2016-03-07,0,0,15.6,94.5,0.2,0
2016-03-07,1,0,15.3,94,0.2,0
2016-03-07,2,0,15.65,93,0,0
2016-03-07,3,0,15.6,91.5,0.2,0
2016-03-07,4,0,15.2,93,0,0
2016-03-07,5,0,15.15,92.5,0.2,0
2016-03-07,6,4,14.85,93.5,0,0
2016-03-07,7,87,16.2,93,0,0
2016-03-07,8,253.5,18.2,88.5,0.4,0
2016-03-07,9,639,21.95,74,1.35,0
2016-03-07,10,564,23,71,1.3,0
2016-03-07,11,776.5,25.05,65.5,1.1,0
2016-03-07,12,719.5,26,59,1.75,0
2016-03-07,13,528,25.85,56.5,2,0
2016-03-07,14,588.5,26.15,59,2.7,0
2016-03-07,15,552,25.95,61,3.55,0
2016-03-07,16,413.5,24.4,63,4.25,0
2016-03-07,17,147,22.35,69,3.55,0
2016-03-07,18,10,20.85,78.5,1.75,0
2016-03-07,19,0,20.2,82.5,0.9,0
2016-03-07,20,0,19.7,86,0.9,0
2016-03-07,21,0,19.2,88,0.4,0
2016-03-07,22,0,19.05,88,0.4,0
2016-03-07,23,0,18.8,89.5,0.2,0
2016-03-08,0,0,18.15,92,0.2,0
2016-03-08,1,0,17.7,94,0.2,0
2016-03-08,2,0,17.6,95,0,0
2016-03-08,3,0,17.35,96,0,0
2016-03-08,4,0,17,97,0.2,0
2016-03-08,5,0,16.7,97.5,0.4,0
2016-03-08,6,10,16.8,98,0,0
2016-03-08,7,142,18.35,94.5,0.2,0
2016-03-08,8,258.5,20.2,87,0.65,0
2016-03-08,9,291.5,20.4,86.5,1.1,0
2016-03-08,10,615.5,21.65,80,1.8,0
2016-03-08,11,777,24,69.5,1.55,0
2016-03-08,12,792.5,25.1,63.5,2,0
2016-03-08,13,789,26.1,62.5,2,0
2016-03-08,14,703,25.7,66,2.9,0
2016-03-08,15,575,24.95,67.5,4.25,0
2016-03-08,16,269.5,23.3,70,4.05,0
2016-03-08,17,29.5,22.05,73.5,2.25,0
2016-03-08,18,6.5,20.75,78,1.55,0
2016-03-08,19,0,19.6,84,1.35,0
2016-03-08,20,0,19.3,85,0.2,0
2016-03-08,21,0,18.8,86.5,0.2,0
2016-03-08,22,0,18.85,85.5,0,0
2016-03-08,23,0,18.45,87.5,0,0
2016-03-09,0,0,17.4,90.5,0,0
2016-03-09,1,0,17,91,0,0
2016-03-09,2,0,16.5,93,0,0
2016-03-09,3,0,15.9,94,0,0
2016-03-09,4,0,15.6,94.5,0,0
2016-03-09,5,0,15.5,95.5,0,0
2016-03-09,6,5.5,15.3,96,0.2,0
2016-03-09,7,120,16.75,95.5,0.2,0
2016-03-09,8,238,17.8,93.5,1.35,0
2016-03-09,9,568,21.6,79.5,1.1,0
2016-03-09,10,851.5,25,66,0.9,0
2016-03-09,11,933,27.4,60.5,1.3,0
2016-03-09,12,979,28.45,54,1.55,0
2016-03-09,13,967.5,29.1,50,2.65,0
2016-03-09,14,813.5,28.4,50,4,0
2016-03-09,15,633.5,27.5,57.5,4.25,0
2016-03-09,16,411,25.75,64,4.45,0
2016-03-09,17,198,23.8,66,4.25,0
2016-03-09,18,12,22.4,72.5,2.45,0
2016-03-09,19,0,21.75,77.5,1.3,0
2016-03-09,20,0,20.4,79.5,3.35,0
2016-03-09,21,0,19.8,82,1.75,0
2016-03-09,22,0,18.65,88,1.8,0
2016-03-09,23,0,18.4,87,0.65,0
2016-03-10,0,0,17.05,93,0.65,0
2016-03-10,1,0,17.25,92,1.1,0
2016-03-10,2,0,16.9,94,1.8,1
2016-03-10,3,0,16.5,93.5,0.45,0
2016-03-10,4,0,16.25,95,0.2,0
2016-03-10,5,0,15.5,95.5,0.9,0
2016-03-10,6,8.5,15.15,95.5,0,0.2
2016-03-10,7,153.5,16.75,95,0.2,0
2016-03-10,8,406.5,19,91.5,1.1,0
2016-03-10,9,647,21.15,81.5,1.8,0
2016-03-10,10,862,23.65,70,1.8,0
2016-03-10,11,759,25.3,66,1.55,0
2016-03-10,12,803.5,26.15,63,2,0
2016-03-10,13,648.5,26.9,56.5,2.45,0
2016-03-10,14,818,27.8,55,3.6,0
2016-03-10,15,414.5,26,59.5,4.05,0
2016-03-10,16,386.5,25.8,57,4.25,0
2016-03-10,17,237.5,24.4,64,4.05,0
2016-03-10,18,20.5,22.55,70.5,1.1,0
2016-03-10,19,0,21.35,75.5,1.3,0
2016-03-10,20,0,21,77,1.1,0
2016-03-10,21,0,20.1,83.5,0.65,0
2016-03-10,22,0,18.45,90.5,1.55,0
2016-03-10,23,0,18.4,91.5,0.9,0
2016-03-11,0,0,18.65,89,2,0
2016-03-11,1,0,18.1,91,1.3,0
2016-03-11,2,0,17.7,93.5,0.4,0
2016-03-11,3,0,17,96.5,0.4,0
2016-03-11,4,0,17.2,95.5,0,0
2016-03-11,5,0,17.2,96,0.2,0
2016-03-11,6,10,16.95,97,0.2,0
2016-03-11,7,69,17.6,95.5,0.4,0
2016-03-11,8,185.5,19.3,88.5,0.2,0
2016-03-11,9,585,22.25,76.5,0.65,0
2016-03-11,10,475.5,23.75,68,0.65,0
2016-03-11,11,750,25.45,62.5,1.1,0
2016-03-11,12,836,27.35,55.5,1.55,0
2016-03-11,13,731,28.1,53.5,1.3,0
2016-03-11,14,702.5,27.95,50.5,2.7,0
2016-03-11,15,569,27.55,52,3.35,0
2016-03-11,16,380,26.4,59.5,4.05,0
2016-03-11,17,152.5,24.5,62.5,3.35,0
2016-03-11,18,16,22.6,68,1.35,0
2016-03-11,19,0,21.75,72,1.1,0
2016-03-11,20,0,20.7,78,0.65,0
2016-03-11,21,0,19.7,84,0,0
2016-03-11,22,0,19.1,86,0,0
2016-03-11,23,0,18.7,87,0,0
2016-03-12,0,0,18.7,88,0,0
2016-03-12,1,0,18.35,90,0,0
2016-03-12,2,0,17.65,92,0,0
2016-03-12,3,0,17.65,92.5,0,0
2016-03-12,4,0,17.2,93,0,0
2016-03-12,5,0,16.95,94,0,0
2016-03-12,6,7.5,16.45,95.5,0,0
2016-03-12,7,107.5,18.15,93,0,0
2016-03-12,8,358,20.55,82.5,0.65,0
2016-03-12,9,606,22.55,73.5,0.85,0
2016-03-12,10,646.5,24.8,67,0.65,0
2016-03-12,11,613,25.25,64,1.3,0
2016-03-12,12,692.5,27.05,56.5,1.1,0
2016-03-12,13,927,28.25,51,2.25,0
2016-03-12,14,785.5,28.55,47,2.7,0
2016-03-12,15,595.5,28.25,49.5,3.35,0
2016-03-12,16,363.5,26.6,54.5,4.25,0
2016-03-12,17,144.5,24.8,56,3.1,0
2016-03-12,18,12.5,23.45,61,0.9,0
2016-03-12,19,0,21.6,71.5,1.1,0
2016-03-12,20,0,20.9,76,0.65,0
2016-03-12,21,0,20.55,78.5,0.4,0
2016-03-12,22,0,19.95,82.5,0,0
2016-03-12,23,0,19.55,85,0,0
2016-03-13,0,0,19.15,87,0,0
2016-03-13,1,0,19.1,87.5,0,0
2016-03-13,2,0,18.85,89,0.2,0
2016-03-13,3,0,18.95,87.5,0,0
2016-03-13,4,0,18.55,88,0,0
2016-03-13,5,0,18.4,86,0,0
2016-03-13,6,12,17.5,87.5,0,0
2016-03-13,7,141,18.5,87.5,0.2,0
2016-03-13,8,286,20.4,81.5,0.4,0
2016-03-13,9,601,22.3,74.5,0.4,0
2016-03-13,10,638,23.9,69.5,1.3,0
2016-03-13,11,886.5,25.9,60.5,1.55,0
2016-03-13,12,957,27.3,55,1.8,0
2016-03-13,13,912.5,28.7,48,2.2,0
2016-03-13,14,792,28.55,49.5,3.1,0
2016-03-13,15,597.5,28,53.5,3.8,0
2016-03-13,16,311.5,25.3,60.5,4,0
2016-03-13,17,81.5,22.7,69,3.15,0
2016-03-13,18,15.5,21.1,76.5,2.2,0
2016-03-13,19,0,20.25,81.5,0.65,0
2016-03-13,20,0,20.2,83,0.65,0
2016-03-13,21,0,20,84.5,0.4,0
2016-03-13,22,0,19.85,85.5,0.2,0
2016-03-13,23,0,19.7,86.5,0,0
2016-03-14,0,0,19.6,87,0,0
2016-03-14,1,0,18.75,89.5,0.2,0
2016-03-14,2,0,18.35,91,0,0
2016-03-14,3,0,17.95,92.5,0,0
2016-03-14,4,0,17.6,94.5,0,0
2016-03-14,5,0,17.7,95,0,0
2016-03-14,6,8.5,17.4,95.5,0,0
2016-03-14,7,71,17.8,95.5,0.45,0
2016-03-14,8,248.5,19.5,89.5,0.65,0
2016-03-14,9,209,20.2,87,0.9,0
2016-03-14,10,681,22.9,74.5,0.9,0
2016-03-14,11,642,24.6,68,0.9,0
2016-03-14,12,592.5,25.1,64.5,2.45,0
2016-03-14,13,821.5,26.95,56.5,2.25,0
2016-03-14,14,765.5,27.1,57,3.8,0
2016-03-14,15,454,25.75,63,3.8,0
2016-03-14,16,419,24.7,65.5,3.8,0
2016-03-14,17,155,22.7,71,3.15,0
2016-03-14,18,26,21.6,75.5,0.85,0
2016-03-14,19,0,20.3,79,0.4,0
2016-03-14,20,0,19.65,82,0.4,0
2016-03-14,21,0,19.25,83.5,0.2,0
2016-03-14,22,0,19.25,85,0,0
2016-03-14,23,0,19.2,87,0,0
2016-03-15,0,0,18.65,89,0,0
2016-03-15,1,0,18.05,91.5,0.2,0
2016-03-15,2,0,17.85,92.5,0,0
2016-03-15,3,0,17.8,93.5,0,0
2016-03-15,4,0,17.7,94,0,0
2016-03-15,5,0,18.05,94,0,0
2016-03-15,6,9.5,17.6,94.5,0,0
2016-03-15,7,99.5,18.15,94.5,0,0
2016-03-15,8,352.5,20.75,85.5,0.4,0
2016-03-15,9,277.5,21.1,84,1.1,0
2016-03-15,10,596,24.2,72.5,0.9,0
2016-03-15,11,882,26.1,63.5,1.3,0
2016-03-15,12,812,26.65,60.5,1.8,0
2016-03-15,13,784.5,27.7,55,2.2,0
2016-03-15,14,513.5,27.5,55,2.9,0
2016-03-15,15,535.5,27.4,59,4,0
2016-03-15,16,229,25.2,65.5,4.25,0
2016-03-15,17,48.5,23.1,72.5,3.55,0
2016-03-15,18,9.5,20.15,82,1.35,0
2016-03-15,19,0,19.55,83,0.65,0
2016-03-15,20,0,19.65,81.5,0.9,0
2016-03-15,21,0,20.05,81.5,0.2,0
2016-03-15,22,0,18.65,86,0.4,0
2016-03-15,23,0,19.3,85,0,0
2016-03-16,0,0,18.5,88.5,0,0
2016-03-16,1,0,17.45,92,0,0
2016-03-16,2,0,16.7,93,0,0
2016-03-16,3,0,16.6,94,0,0
2016-03-16,4,0,16.55,93,0.2,0
2016-03-16,5,0,16.05,94.5,0,0
2016-03-16,6,12.5,15.9,95,0,0
2016-03-16,7,136,17.7,92.5,0.2,0
2016-03-16,8,387.5,20.65,82,1.1,0
2016-03-16,9,601.5,23.3,72,1.1,0
2016-03-16,10,773,25.4,64.5,1.35,0
2016-03-16,11,758,26.45,62.5,1.3,0
2016-03-16,12,587,27.45,55,1.55,0
2016-03-16,13,364.5,27.5,54.5,1.8,0
2016-03-16,14,469,27.8,56.5,2.9,0
2016-03-16,15,257,26.55,60.5,3.55,0
2016-03-16,16,346,25.95,62,4.5,0
2016-03-16,17,128,24,70,4.25,0
2016-03-16,18,13.5,22.6,77,3.8,0
2016-03-16,19,0,22,79,1.75,0
2016-03-16,20,0,19.9,80.5,3.35,0
2016-03-16,21,0,18.1,90.5,3.55,3
2016-03-16,22,0,16.85,96.5,1.55,2
2016-03-16,23,0,16.9,97,0.85,0.8
2016-03-17,0,0,17.2,97,0.2,0
2016-03-17,1,0,17,97,0.4,0
2016-03-17,2,0,17.2,98,0.4,0
2016-03-17,3,0,17.15,98,0,0
2016-03-17,4,0,17.2,98,0.2,0
2016-03-17,5,0,17.2,98,0.2,0
2016-03-17,6,3.5,17.15,98,0.2,0
2016-03-17,7,55,17.4,98,0.2,0
2016-03-17,8,173.5,18.05,98,0.65,0
2016-03-17,9,289.5,19.65,94,0.4,0
2016-03-17,10,329,21.05,88.5,0.65,0
2016-03-17,11,408.5,22.15,84.5,0.4,0
2016-03-17,12,288.5,22.35,81.5,0.9,0
2016-03-17,13,298.5,22.4,80.5,1.35,0
2016-03-17,14,441.5,23.65,80,0.9,0
2016-03-17,15,227,23.6,77,1.55,0
2016-03-17,16,140,22.7,82,1.55,0
2016-03-17,17,93.5,21.75,87,1.1,0
2016-03-17,18,3,19.25,92.5,1.3,9.6
2016-03-17,19,0,17.7,93,0,4.4
2016-03-17,20,0,18.2,96,0,0.6
2016-03-17,21,0,17.95,96,0,0
2016-03-17,22,0,17.9,95.5,0,0
2016-03-17,23,0,17.5,96,0,0
2016-03-18,0,0,16.85,96.5,0,0
2016-03-18,1,0,16.2,96,0,0
2016-03-18,2,0,16.5,97.5,0,0
2016-03-18,3,0,16.7,98,0,0
2016-03-18,4,0,16.15,98,0,0
2016-03-18,5,0,15.95,98.5,0,0
2016-03-18,6,8,15.5,98,0,0.2
2016-03-18,7,94,16.35,98.5,0,0
2016-03-18,8,305.5,17.6,99,0,0
2016-03-18,9,523,19.55,92.5,0,0
2016-03-18,10,822.5,22.45,81,0,0
2016-03-18,11,817,24.2,73,0,0
2016-03-18,12,504.5,26,64.5,0,0
2016-03-18,13,273,25.45,64,0,0
2016-03-18,14,336.5,25.05,70.5,0,0
2016-03-18,15,371,25.25,69,0,0
2016-03-18,16,125.5,24.45,69,0,0
2016-03-18,17,107.5,23.4,72,0,0
2016-03-18,18,7.5,21.85,82.5,0,0
2016-03-18,19,0,20.4,89,0,0
2016-03-18,20,0,19.95,92,0,0
2016-03-18,21,0,19.3,93.5,0,0
2016-03-18,22,0,18.95,95,0,0
2016-03-18,23,0,18.75,96,0,0
2016-03-19,0,0,18.55,96,0,0
2016-03-19,1,0,18.25,96.5,0,0
2016-03-19,2,0,17.9,97,0,0
2016-03-19,3,0,17.45,97.5,0,0
2016-03-19,4,0,17.55,98,0,0
2016-03-19,5,0,17.5,98,0,0
2016-03-19,6,12.5,17.1,98,0,0.2
2016-03-19,7,106,17.85,98.5,0,0
2016-03-19,8,247.5,19.25,96,0,0
2016-03-19,9,621.5,22.3,84,0,0
2016-03-19,10,835,24.55,74,0,0
2016-03-19,11,751,25.2,73.5,0,0
2016-03-19,12,758.5,26.3,66,0,0
2016-03-19,13,895.5,28.1,57.5,0,0
2016-03-19,14,729,28.05,57,0,0
2016-03-19,15,345,26.8,61,0,0
2016-03-19,16,457,26.6,61,0,0
2016-03-19,17,207,24.85,64,0,0
2016-03-19,18,20,23.55,67.5,0,0
2016-03-19,19,0,22.85,72,0,0
2016-03-19,20,0,21.65,77.5,0,0
2016-03-19,21,0,20.8,79.5,0,0
2016-03-19,22,0,19.9,83,0,0
2016-03-19,23,0,19.75,85.5,0,0
2016-03-20,0,0,19.2,88,0,0
2016-03-20,1,0,18.55,93.5,0,0
2016-03-20,2,0,18.2,93,0,0
2016-03-20,3,0,18,93.5,0,0
2016-03-20,4,0,17.65,94.5,0,0
2016-03-20,5,0,17.75,93.5,0,0
2016-03-20,6,7.5,17.65,95,0,0
2016-03-20,7,123,18.35,94,0,0
2016-03-20,8,421.5,21.7,82.5,0,0
2016-03-20,9,587.5,23.8,79.5,0,0
2016-03-20,10,441.5,24.4,73,0,0
2016-03-20,11,698,25.4,67,0,0
2016-03-20,12,927.5,26.9,62.5,0,0
2016-03-20,13,406.5,27.15,56.5,0,0
2016-03-20,14,549.5,27.45,60.5,0,0
2016-03-20,15,133,24.9,71,0.45,0.2
2016-03-20,16,341,25.55,65,2.45,0.2
2016-03-20,17,165,24.2,64.5,4.05,0
2016-03-20,18,14,23.05,67.5,1.1,0
2016-03-20,19,0,21.9,73,0.85,0
2016-03-20,20,0,20.5,84,0.85,0
2016-03-20,21,0,19.45,92,0.45,0
2016-03-20,22,0,18.7,93,0,0
2016-03-20,23,0,18.55,92.5,0,0
2016-03-21,0,0,17.7,95,0,0
2016-03-21,1,0,16.6,96.5,0,0
2016-03-21,2,0,16.15,97,0,0
2016-03-21,3,0,16.2,97,0,0
2016-03-21,4,0,15.65,96,0,0
2016-03-21,5,0,15.4,97.5,0,0
2016-03-21,6,9,15.7,96,0,0
2016-03-21,7,137,16.9,95,0.2,0
2016-03-21,8,434,20.2,86.5,0.65,0
2016-03-21,9,663.5,22.2,75.5,1.35,0
2016-03-21,10,620,24.75,68,0.65,0
2016-03-21,11,778,25.75,64.5,1.55,0
2016-03-21,12,930.5,27,53,1.8,0
2016-03-21,13,971.5,28,49,2.7,0
2016-03-21,14,742.5,28.25,50,2.7,0
2016-03-21,15,171,26.15,55,2.9,0
2016-03-21,16,301,25.9,55.5,3.1,0
2016-03-21,17,102,24.1,63.5,2.65,0
2016-03-21,18,11,22.55,68.5,1.1,0
2016-03-21,19,0,21.3,76.5,1.1,0
2016-03-21,20,0,20.85,78,0.65,0
2016-03-21,21,0,19.55,85,0,0
2016-03-21,22,0,19.3,84.5,0,0
2016-03-21,23,0,19.6,85,0.2,0
2016-03-22,0,0,18.75,89,0.4,0
2016-03-22,1,0,18.15,91.5,0.2,0
2016-03-22,2,0,18.2,93,0,0
2016-03-22,3,0,17.7,94,0.2,0
2016-03-22,4,0,17.5,93.5,0,0
2016-03-22,5,0,16.75,96.5,0.2,0
2016-03-22,6,9.5,16.45,95,0.2,0
2016-03-22,7,127.5,17.9,94.5,0.2,0
2016-03-22,8,409.5,21.15,84.5,0.2,0
2016-03-22,9,633.5,23.6,75.5,0.4,0
2016-03-22,10,668,24.35,71.5,0.85,0
2016-03-22,11,859,26.35,64,1.1,0
2016-03-22,12,658.5,26.9,61,1.8,0
2016-03-22,13,715.5,27.9,54.5,2,0
2016-03-22,14,281.5,26.85,60,2.9,0
2016-03-22,15,369,26.8,60,3.35,0
2016-03-22,16,243.5,24.65,66,3.55,0
2016-03-22,17,166.5,24.05,70,2.45,0
2016-03-22,18,10,22.55,75,1.55,0
2016-03-22,19,0,21.45,80,0.2,0
2016-03-22,20,0,20.75,83,0,0
2016-03-22,21,0,19.65,87.5,0.2,0
2016-03-22,22,0,19.05,90,0.4,0
2016-03-22,23,0,18.65,92,0.2,0
2016-03-23,0,0,18.55,90,0.4,0
2016-03-23,1,0,17.7,92,0.2,0
2016-03-23,2,0,17.3,93.5,0,0
2016-03-23,3,0,16.75,94,0,0
2016-03-23,4,0,16.75,95.5,0,0
2016-03-23,5,0,16.4,96.5,0,0
2016-03-23,6,11,15.95,96.5,0,0
2016-03-23,7,196,18.8,89.5,0.4,0
2016-03-23,8,392,21.1,84.5,0.4,0
2016-03-23,9,682,23.5,73.5,0.85,0
2016-03-23,10,800.5,24.65,66.5,1.55,0
2016-03-23,11,943,27.3,43.5,1.55,0
2016-03-23,12,745,27.45,52,1.8,0
2016-03-23,13,566.5,28,45,1.3,0
2016-03-23,14,798.5,29.05,40,2.25,0
2016-03-23,15,697.5,28.95,45,3.35,0
2016-03-23,16,408,27.15,47,4.25,0
2016-03-23,17,100.5,24.75,53.5,3.35,0
2016-03-23,18,9,22.65,66,1.1,0
2016-03-23,19,0,22,68.5,0,0
2016-03-23,20,0,20.7,76,0,0
2016-03-23,21,0,20.05,82,0,0
2016-03-23,22,0,19.5,84.5,0,0
2016-03-23,23,0,19.15,87,0,0
2016-03-24,0,0,18.9,87.5,0,0
2016-03-24,1,0,18.3,89,0,0
2016-03-24,2,0,17.55,90.5,0,0
2016-03-24,3,0,17.3,92,0,0
2016-03-24,4,0,17.1,90,0,0
2016-03-24,5,0,16.85,88.5,0,0
2016-03-24,6,14,16.7,90.5,0,0
2016-03-24,7,122,17.15,93,0,0
2016-03-24,8,430,21.35,75,0,0
2016-03-24,9,670.5,24.3,63.5,0.4,0
2016-03-24,10,697,25.85,54,0.65,0
2016-03-24,11,962,27.7,43,1.3,0
2016-03-24,12,991.5,28.5,40,1.8,0
2016-03-24,13,888.5,29.1,37.5,1.55,0
2016-03-24,14,806.5,29.4,40,2.65,0
2016-03-24,15,585.5,28.8,45,3.1,0
2016-03-24,16,397,27.25,50,4.25,0
2016-03-24,17,129,24.7,59,4.05,0
2016-03-24,18,9.5,23.45,64,2.2,0
2016-03-24,19,0,22.65,69,1.1,0
2016-03-24,20,0,21.4,73,0.2,0
2016-03-24,21,0,20.9,77.5,0,0
2016-03-24,22,0,20.2,82,0,0
2016-03-24,23,0,19.7,84.5,0,0
2016-03-25,0,0,19.2,86,0,0
2016-03-25,1,0,18.8,88.5,0,0
2016-03-25,2,0,18.35,90,0,0
2016-03-25,3,0,17.8,92.5,0,0
2016-03-25,4,0,17.5,92,0,0
2016-03-25,5,0,17.05,93.5,0,0
2016-03-25,6,16.5,17.25,92,0,0
2016-03-25,7,144.5,18.6,91,0,0
2016-03-25,8,353,20.55,82,1.1,0
2016-03-25,9,565.5,22.2,76,1.55,0
2016-03-25,10,669.5,24,69,2,0
2016-03-25,11,804.5,26.05,58,1.55,0
2016-03-25,12,994.5,28.4,49,1.55,0
2016-03-25,13,904.5,29.6,41,1.8,0
2016-03-25,14,796.5,29.6,34,2.2,0
2016-03-25,15,610.5,30.2,35.5,2,0
2016-03-25,16,360.5,28.2,51,3.55,0
2016-03-25,17,137.5,25.45,57.5,4,0
2016-03-25,18,12.5,24,58,3.15,0
2016-03-25,19,0,23.05,61.5,0.9,0
2016-03-25,20,0,22.2,62.5,0.65,0
2016-03-25,21,0,21.75,64.5,0.2,0
2016-03-25,22,0,21.1,68.5,0,0
2016-03-25,23,0,20.6,71.5,0,0
2016-03-26,0,0,20.1,73,0,0
2016-03-26,1,0,19.65,76.5,0,0
2016-03-26,2,0,19.65,76.5,0,0
2016-03-26,3,0,18.5,80.5,0,0
2016-03-26,4,0,17.9,83.5,0,0
2016-03-26,5,0,17.6,84.5,0,0
2016-03-26,6,17.5,17.05,86.5,0,0
2016-03-26,7,180,17.85,87.5,0,0
2016-03-26,8,422,22.2,72,0.2,0
2016-03-26,9,619,25,64.5,0.2,0
2016-03-26,10,790.5,26.25,58.5,0.9,0
2016-03-26,11,940,27.85,52.5,1.3,0
2016-03-26,12,943,28.75,47,2.2,0
2016-03-26,13,910,30.75,37.5,1.8,0
2016-03-26,14,784.5,31.2,37,3.15,0
2016-03-26,15,466.5,29.75,47,4.25,0
2016-03-26,16,369.5,27.25,52.5,4.7,0
2016-03-26,17,142,25.35,57.5,4.7,0
2016-03-26,18,14,23.8,62,3.6,0
2016-03-26,19,0,22.9,62.5,1.55,0
2016-03-26,20,0,22.05,68,0.9,0
2016-03-26,21,0,21.4,72.5,0.65,0
2016-03-26,22,0,21.5,71.5,0.4,0
2016-03-26,23,0,21.25,72,0.65,0
2016-03-27,0,0,20.5,77.5,0,0
2016-03-27,1,0,20.25,79.5,0,0
2016-03-27,2,0,19.4,83.5,0.2,0
2016-03-27,3,0,18.6,87,0,0
2016-03-27,4,0,18.4,87,0,0
2016-03-27,5,0,18.2,88.5,0,0
2016-03-27,6,7.5,18.35,88.5,0.4,0
2016-03-27,7,97,19,88.5,0,0
2016-03-27,8,273.5,21.2,82.5,0.4,0
2016-03-27,9,564,23.25,75,0.85,0
2016-03-27,10,389,24.4,68,0.9,0
2016-03-27,11,801,26.55,55.5,1.1,0
2016-03-27,12,769.5,27.6,50,2,0
2016-03-27,13,522,28.2,46,1.3,0
2016-03-27,14,517,28.6,47.5,2.25,0
2016-03-27,15,360.5,27.8,50.5,3.55,0
2016-03-27,16,337.5,26.9,53,3.8,0
2016-03-27,17,144,25.05,57,2.45,0
2016-03-27,18,6,23.5,62,1.8,0
2016-03-27,19,0,22.35,67,0.9,0
2016-03-27,20,0,21.85,71.5,0.4,0
2016-03-27,21,0,21.8,74,0.2,0
2016-03-27,22,0,21.25,77,0,0
2016-03-27,23,0,19.7,84,2.9,0
2016-03-28,0,0,19.25,86,1.1,0
2016-03-28,1,0,18.15,90.5,0.4,0
2016-03-28,2,0,17.6,93,0.2,0
2016-03-28,3,0,17.75,91.5,0.2,0
2016-03-28,4,0,18,90,0.2,0
2016-03-28,5,0,18.05,90,0.2,0
2016-03-28,6,5.5,17.95,91.5,0,0
2016-03-28,7,99,18.75,89,0,0
2016-03-28,8,278.5,20.5,85,0.45,0
2016-03-28,9,508,22.65,77,0.65,0
2016-03-28,10,765.5,24.65,69.5,0.9,0
2016-03-28,11,824.5,26.6,59.5,1.55,0
2016-03-28,12,986.5,28.15,52,1.8,0
2016-03-28,13,850,28.75,52,2.2,0
2016-03-28,14,697,28.05,56.5,3.8,0
2016-03-28,15,318,26.75,61,4.25,0
2016-03-28,16,332.5,25.35,65.5,4.45,0
2016-03-28,17,148.5,24.25,68,1.75,0
2016-03-28,18,5,19.15,88.5,3.8,0.8
2016-03-28,19,0,18.7,91.5,0.4,0
2016-03-28,20,0,18.35,92,0,0
2016-03-28,21,0,18.3,91,0,0
2016-03-28,22,0,17.95,93.5,1.1,0
2016-03-28,23,0,18.25,93,0.85,0
2016-03-29,0,0,18,94.5,0,0.2
2016-03-29,1,0,17.75,95,0,0
2016-03-29,2,0,17,96.5,0,0
2016-03-29,3,0,16.9,96,0,0
2016-03-29,4,0,16.8,96.5,0.65,0
2016-03-29,5,0,16.55,96.5,0.4,0
2016-03-29,6,20,16.7,96,0,0
2016-03-29,7,171.5,18.25,94,0.2,0
2016-03-29,8,354,20.1,91,0.65,0
2016-03-29,9,583.5,21.9,82.5,0.9,0
2016-03-29,10,593,24.05,77,0.9,0
2016-03-29,11,807.5,26.2,68,1.1,0
2016-03-29,12,871.5,27.9,60,1.3,0
2016-03-29,13,594.5,28.05,52.5,1.75,0
2016-03-29,14,650,28.1,52.5,2.2,0
2016-03-29,15,456.5,27.95,49.5,2.9,0
2016-03-29,16,336.5,26.6,63,2.9,0
2016-03-29,17,172.5,24.2,61.5,1.55,0
2016-03-29,18,15.5,21.85,71.5,0.4,0
2016-03-29,19,0,21.05,77,0.4,0
2016-03-29,20,0,20.25,81,0,0
2016-03-29,21,0,19.8,82.5,0,0
2016-03-29,22,0,19.5,84.5,0,0
2016-03-29,23,0,19.7,85,0,0
2016-03-30,0,0,19,89.5,0,0
2016-03-30,1,0,18.3,92,0,0
2016-03-30,2,0,17.5,94.5,0.2,0
2016-03-30,3,0,17.05,94.5,0,0
2016-03-30,4,0,17.05,93.5,0,0
2016-03-30,5,0,16.85,93.5,0.2,0
2016-03-30,6,22,17.1,94.5,0,0
2016-03-30,7,80.5,17.9,92.5,0,0
2016-03-30,8,157.5,18.45,91.5,0.45,0
2016-03-30,9,377,21.35,81,0.45,0
2016-03-30,10,483,23.1,72.5,0.65,0
2016-03-30,11,340.5,23.4,73.5,0.9,0
2016-03-30,12,438,24.3,71.5,1.8,0
2016-03-30,13,397.5,24.3,69.5,2.2,0
2016-03-30,14,86.5,19.5,89,1.75,5.2
2016-03-30,15,168,20.55,89,0.2,0.2
2016-03-30,16,92.5,20.55,90,1.1,0
2016-03-30,17,69.5,21.1,88.5,1.75,0
2016-03-30,18,8.5,20.5,89,1.55,0
2016-03-30,19,0,19.95,91,0.4,0
2016-03-30,20,0,19.5,92.5,0,0
2016-03-30,21,0,19.9,90.5,0.45,0
2016-03-30,22,0,19.5,92,0.4,0
2016-03-30,23,0,19.4,92.5,0,0
2016-03-31,0,0,18.65,94,0,0
2016-03-31,1,0,17.3,95.5,2,0
2016-03-31,2,0,17.15,96.5,2.45,0
2016-03-31,3,0,17.15,95.5,1.1,0
2016-03-31,4,0,16.75,97,0.2,0
2016-03-31,5,0,16.5,97,0.65,0
2016-03-31,6,10,16.8,96.5,0.4,0
2016-03-31,7,96,17.2,96,0.45,0
2016-03-31,8,319,19.55,90,1.3,0
2016-03-31,9,633.5,22.1,83,1.1,0
2016-03-31,10,316,22.45,82.5,0.65,0
2016-03-31,11,549,23.35,77,1.1,0
2016-03-31,12,365,23.6,75,1.35,0
2016-03-31,13,436.5,24.3,71,1.55,0
2016-03-31,14,247.5,24.2,72.5,2,0
2016-03-31,15,279.5,24.5,74,2.65,0
2016-03-31,16,153,23,80,1.8,0.4
2016-03-31,17,64,20.25,87.5,0.65,0.2
2016-03-31,18,4,18.7,95.5,0.4,6.4
2016-03-31,19,0,18.75,97,0,0.6
2016-03-31,20,0,18.8,97,0,0.2
2016-03-31,21,0,18.85,97,0,0
2016-03-31,22,0,18.75,97.5,0,0
2016-03-31,23,0,18.4,97.5,1.55,0
2016-04-01,0,0,18.15,97,0,0.4
2016-04-01,1,0,17.4,97,0.4,9.4
2016-04-01,2,0,17,98,0.2,3.2
2016-04-01,3,0,16.7,98,0.2,0.2
2016-04-01,4,0,17,98,1.35,0.2
2016-04-01,5,0,16.5,98,0.45,0
2016-04-01,6,22.5,16.45,98,0,0
2016-04-01,7,78.5,17.2,99,1.75,0
2016-04-01,8,95,17.75,98.5,0.65,0
2016-04-01,9,646.5,21.05,86.5,0.65,0
2016-04-01,10,880.5,22.75,78.5,1.35,0
2016-04-01,11,590,23.85,79,1.3,0
2016-04-01,12,1071.5,25.25,71,1.55,0
2016-04-01,13,418.5,25.7,63.5,1.1,0
2016-04-01,14,606,26.75,59,2,0
2016-04-01,15,542.5,27.05,56,1.75,0
2016-04-01,16,235.5,25.7,67,2.45,0
2016-04-01,17,98.5,23.9,73.5,2.45,0
2016-04-01,18,10.5,22.25,79,0.65,0
2016-04-01,19,0,20.85,82,0.4,0
2016-04-01,20,0,20.3,87,0.2,0.2
2016-04-01,21,0,18.95,91.5,0.9,0
2016-04-01,22,0,17.7,95.5,0,0
2016-04-01,23,0,17.4,96,0,0
2016-04-02,0,0,17.35,97,0,0
2016-04-02,1,0,17.25,97,0,0
2016-04-02,2,0,17.5,97,0.4,0
2016-04-02,3,0,17.45,96,2,0.6
2016-04-02,4,0,17.15,96,2.45,1.8
2016-04-02,5,0,17.2,94.5,2,0.2
2016-04-02,6,19,17.1,96.5,0.2,0
2016-04-02,7,78,17.4,97,0.4,0
2016-04-02,8,118,17.85,95.5,1.75,0
2016-04-02,9,260.5,18.9,96,0.65,0
2016-04-02,10,310,20.2,91,1.1,0
2016-04-02,11,373,21.2,86.5,0.65,0
2016-04-02,12,232.5,20.95,86.5,0.9,0
2016-04-02,13,294,21.25,85,1.35,0
2016-04-02,14,241.5,21,87.5,1.1,0
2016-04-02,15,221.5,19.95,94,1.1,0.4
2016-04-02,16,88,19.7,91.5,1.1,0
2016-04-02,17,50.5,19.7,92,0.4,0
2016-04-02,18,4,19,94,0.4,0
2016-04-02,19,0,18.65,94.5,0.2,0
2016-04-02,20,0,18.1,96,0.45,1.2
2016-04-02,21,0,17.25,96.5,0.65,9.4
2016-04-02,22,0,17,97,0,1.6
2016-04-02,23,0,16.8,98,0,0.2
2016-04-03,0,0,16.65,98,0,0
2016-04-03,1,0,16.75,98,0,0
2016-04-03,2,0,16.75,98,0,0
2016-04-03,3,0,16.6,98,0,0
2016-04-03,4,0,16.65,98,0,0
2016-04-03,5,0,16.5,98,0,0
2016-04-03,6,19.5,16.4,98.5,0,0
2016-04-03,7,108.5,17.3,99,0.2,0
2016-04-03,8,463.5,19.45,93.5,0.4,0
2016-04-03,9,308,19.9,92.5,0.4,0
2016-04-03,10,374,20.1,92,0.65,0
2016-04-03,11,813.5,22.75,83,1.1,0
2016-04-03,12,823,23.65,76.5,1.8,0
2016-04-03,13,610.5,23.2,76.5,2.45,0
2016-04-03,14,542,23.55,76,3.6,0
2016-04-03,15,343,22.45,77,4.5,0
2016-04-03,16,304,21.9,80.5,2.9,0
2016-04-03,17,80,21.05,80.5,1.55,0
2016-04-03,18,7.5,20.3,78,0.4,0
2016-04-03,19,0,19.9,78.5,0.2,0
2016-04-03,20,0,19.4,80.5,0,0
2016-04-03,21,0,18.75,83,0.2,0
2016-04-03,22,0,17.7,92,0.2,0
2016-04-03,23,0,17.55,93,0,0
2016-04-04,0,0,17.45,96,0,0
2016-04-04,1,0,17.25,96,0,0
2016-04-04,2,0,17.2,96,0,0
2016-04-04,3,0,16.9,97,0,0
2016-04-04,4,0,16.65,97,0,0
2016-04-04,5,0,16.45,97,0,0
2016-04-04,6,17.5,16.65,98,0,0
2016-04-04,7,110.5,17.4,98,0,0
2016-04-04,8,210,19.05,86.5,0.4,0
2016-04-04,9,515.5,21.2,74.5,1.35,0
2016-04-04,10,621.5,22.8,67,1.8,0
2016-04-04,11,506,23.55,65.5,1.1,0
2016-04-04,12,512.5,23.95,69.5,1.35,0
2016-04-04,13,702,25,65,1.75,0
2016-04-04,14,299.5,24.1,65,2,0
2016-04-04,15,126.5,22.8,73.5,1.55,0
2016-04-04,16,27.5,19.4,88,0.9,0.8
2016-04-04,17,7.5,17.75,96.5,0.45,0.8
2016-04-04,18,0,17.3,96.5,0.2,3.6
2016-04-04,19,0,17,97,0,2.6
2016-04-04,20,0,16.95,97.5,0,0.4
2016-04-04,21,0,16.8,97,0,0.2
2016-04-04,22,0,16.85,97.5,0,0
2016-04-04,23,0,16.9,98,0,0
2016-04-05,0,0,16.95,98,0,0
2016-04-05,1,0,16.7,98,0,0
2016-04-05,2,0,16.7,98,0,0
2016-04-05,3,0,16.6,98,0,0
2016-04-05,4,0,16.7,99,0,0
2016-04-05,5,0,16.65,98.5,0,0
2016-04-05,6,9.5,16.8,99,0,0
2016-04-05,7,119.5,17.7,99,0,0
2016-04-05,8,277,18.6,97,0.65,0
2016-04-05,9,496,20.9,89.5,1.1,0
2016-04-05,10,528.5,21.5,84,0.9,0
2016-04-05,11,773,23.45,79,1.35,0
2016-04-05,12,414.5,24.05,74,1.35,0
2016-04-05,13,537.5,24.4,72,1.8,0
2016-04-05,14,195,22.4,75.5,2.45,0
2016-04-05,15,69,19.65,86.5,2.25,0
2016-04-05,16,18,18,95,0.85,1.8
2016-04-05,17,58.5,17.9,97,0.45,0.4
2016-04-05,18,7.5,17.75,93.5,0.45,0
2016-04-05,19,0,17.7,91.5,0,0
2016-04-05,20,0,17.5,92.5,0,0
2016-04-05,21,0,17.85,93,0,0
2016-04-05,22,0,17.6,94.5,0,0
2016-04-05,23,0,17.6,96,0,0
2016-04-06,0,0,17.35,97,0,0
2016-04-06,1,0,17.05,97,0,0
2016-04-06,2,0,16.65,97,0,0
2016-04-06,3,0,16.85,97,0,0
2016-04-06,4,0,16.65,97,0,0
2016-04-06,5,0,16.55,97.5,0,0
2016-04-06,6,19.5,16.5,97.5,0,0
2016-04-06,7,113,17.45,98.5,0,0
2016-04-06,8,517.5,20.3,90.5,0.45,0.2
2016-04-06,9,587.5,21.4,86,0.9,0
2016-04-06,10,519,22.2,84.5,0.85,0
2016-04-06,11,596,23.7,74.5,0.65,0
2016-04-06,12,724,25.4,69.5,1.1,0
2016-04-06,13,528.5,25.2,67,2,0
2016-04-06,14,468,26.1,64,2.25,0
2016-04-06,15,281,24.95,70,2.25,0
2016-04-06,16,456.5,25.5,71.5,2,0
2016-04-06,17,143.5,22.05,78.5,4.5,0
2016-04-06,18,25.5,20.85,82.5,1.3,0
2016-04-06,19,0,19.95,87,0,0
2016-04-06,20,0,19.1,88.5,0,0
2016-04-06,21,0,18.5,91,0,0
2016-04-06,22,0,18.35,92.5,0,0
2016-04-06,23,0,18.5,92.5,0,0
2016-04-07,0,0,18.3,94.5,0,0
2016-04-07,1,0,18.2,95,0,0
2016-04-07,2,0,18,95.5,0,0
2016-04-07,3,0,17.8,96.5,0,0
2016-04-07,4,0,17.7,96.5,0,0
2016-04-07,5,0,17.7,97,0,0
2016-04-07,6,20,17.75,98,0.4,0
2016-04-07,7,137.5,18.55,97.5,0.2,0
2016-04-07,8,279,20.6,89.5,0.2,0
2016-04-07,9,584,22.45,82.5,1.3,0
2016-04-07,10,826,24.2,73,1.1,0
2016-04-07,11,562.5,24.85,72,0.9,0
2016-04-07,12,668,25.9,67.5,1.75,0
2016-04-07,13,854.5,26.5,61.5,2.25,0
2016-04-07,14,609,26.75,61.5,2.7,0
2016-04-07,15,307,25.95,66,3.55,0
2016-04-07,16,248.5,24.95,69,3.35,0
2016-04-07,17,167.5,23.9,75.5,2.9,0
2016-04-07,18,18.5,22.6,79,1.1,0
2016-04-07,19,0,20.8,86.5,0.4,0
2016-04-07,20,0,20.45,88.5,0.2,0
2016-04-07,21,0,19.95,90,0.2,0
2016-04-07,22,0,19.8,90.5,0,1
2016-04-07,23,0,18.85,95.5,0.2,0.6
2016-04-08,0,0,18.65,96,0,0
2016-04-08,1,0,18.35,96.5,0.45,0
2016-04-08,2,0,18.25,97.5,0,0
2016-04-08,3,0,18.25,97.5,0,0.2
2016-04-08,4,0,17.9,97.5,0.45,0
2016-04-08,5,0,17.8,98,0,0
2016-04-08,6,12,17.8,98,0.2,0
2016-04-08,7,103.5,18.15,98.5,0,0
2016-04-08,8,362.5,19.6,96.5,0.9,0
2016-04-08,9,687,22.4,87,0.85,0
2016-04-08,10,398.5,23.15,80.5,0.9,0
2016-04-08,11,654,25.25,69,0.4,0
2016-04-08,12,678.5,26,65.5,1.1,0
2016-04-08,13,536,26.05,70,3.6,0
2016-04-08,14,218.5,24.6,71.5,2.45,0
2016-04-08,15,352,25.2,67,1.3,0
2016-04-08,16,187,24.6,73,2.45,0
2016-04-08,17,37.5,22.5,82.5,1.1,0
2016-04-08,18,7,21.35,87,0.4,0
2016-04-08,19,0,20.7,88,0.4,0
2016-04-08,20,0,20.65,84.5,0.4,0
2016-04-08,21,0,19.9,90,0.2,0
2016-04-08,22,0,19.4,92.5,0,0
2016-04-08,23,0,18.4,95,0,0
2016-04-09,0,0,17.8,94.5,0,0
2016-04-09,1,0,17.6,95.5,0,0
2016-04-09,2,0,17.15,96.5,0,0
2016-04-09,3,0,17.3,96,0.2,0
2016-04-09,4,0,17,95.5,0.2,0
2016-04-09,5,0,16.9,96.5,0.2,0
2016-04-09,6,11.5,17.1,98,0,0
2016-04-09,7,80,17.85,98,0,0
2016-04-09,8,223,18.85,96.5,1.55,0
2016-04-09,9,316,20.55,90,1.1,0
2016-04-09,10,421,22.1,83,0.65,0
2016-04-09,11,426,22.8,82.5,1.1,0
2016-04-09,12,559.5,23.8,77.5,1.3,0
2016-04-09,13,501,24.7,70.5,0.65,0
2016-04-09,14,273,24.8,72,0.85,0
2016-04-09,15,97,24.15,72.5,0.9,0
2016-04-09,16,77,22.75,80.5,1.1,0
2016-04-09,17,36,19.15,92.5,1.55,5.2
2016-04-09,18,2,18.55,95,1.1,0.6
2016-04-09,19,0,18.6,94.5,0,0
2016-04-09,20,0,18.8,95.5,0,0
2016-04-09,21,0,18.6,96.5,0.4,0
2016-04-09,22,0,18.4,98,0.4,1
2016-04-09,23,0,18.25,97.5,0.2,0.2
2016-04-10,0,0,17.95,98,0,0
2016-04-10,1,0,18.1,98,0.2,0
2016-04-10,2,0,18.05,98,0,0
2016-04-10,3,0,18.15,98,0,0
2016-04-10,4,0,17.85,98,0.45,0
2016-04-10,5,0,17.8,98.5,0.2,0
2016-04-10,6,4.5,17.95,99,0.2,0
2016-04-10,7,113,18.35,99,0.45,0
2016-04-10,8,305.5,20.1,96,0.2,0
2016-04-10,9,253.5,20.4,94,0.4,0
2016-04-10,10,547.5,22.55,84.5,1.35,0
2016-04-10,11,442.5,23.6,79,1.55,0
2016-04-10,12,267,23.4,81,2,0
2016-04-10,13,81,20.25,92,1.55,3.6
2016-04-10,14,107.5,19.05,96.5,1.3,1.4
2016-04-10,15,52.5,19,96,0.9,0
2016-04-10,16,78.5,19.1,97,0.65,0
2016-04-10,17,66,19.3,97,0.2,0
2016-04-10,18,6,19.2,96.5,0,0
2016-04-10,19,0,18.8,96.5,0,0
2016-04-10,20,0,18.5,97,0,0
2016-04-10,21,0,18.1,97.5,0,0
2016-04-10,22,0,17.55,98,0.2,0
2016-04-10,23,0,17.4,98.5,0,0
2016-04-11,0,0,17.65,99,0,0.2
2016-04-11,1,0,17.4,99,0,0
2016-04-11,2,0,17.25,99,0,0
2016-04-11,3,0,16.85,99,0,0
2016-04-11,4,0,17,99,0,0
2016-04-11,5,0,16.65,98,0,0
2016-04-11,6,14.5,16.8,99,0,0
2016-04-11,7,98.5,17.8,99,0.2,0
2016-04-11,8,378,19.2,96,0.85,0
2016-04-11,9,651.5,21.55,87,1.1,0
2016-04-11,10,879.5,23.6,74.5,0.9,0
2016-04-11,11,726,24.45,76.5,1.3,0
2016-04-11,12,789,25.8,68.5,1.55,0
2016-04-11,13,867,26.95,61.5,1.8,0
2016-04-11,14,546.5,27.05,56,2.45,0
2016-04-11,15,239,25.65,69,3.6,0
2016-04-11,16,381.5,24.95,68,3.8,0
2016-04-11,17,166.5,23.5,69,2.65,0
2016-04-11,18,9.5,21.35,78.5,1.8,0
2016-04-11,19,0,20.45,85.5,0.2,0
2016-04-11,20,0,20,88.5,0,0
2016-04-11,21,0,19.65,90.5,0,0
2016-04-11,22,0,18.85,93.5,0,0
2016-04-11,23,0,18.55,93,0.2,0
2016-04-12,0,0,18.2,95,0,0
2016-04-12,1,0,17.75,95.5,0.2,0
2016-04-12,2,0,17.65,96.5,0,0
2016-04-12,3,0,17.5,96.5,0,0
2016-04-12,4,0,17.1,97,0.2,0
2016-04-12,5,0,17.25,97,0,0
2016-04-12,6,17.5,17.2,98,0,0
2016-04-12,7,56,17.75,98,0,0
2016-04-12,8,71,18.25,97,0.4,0
2016-04-12,9,94,18.65,96,0.4,0
2016-04-12,10,118.5,18.85,95,0.4,0
2016-04-12,11,322.5,20.1,91.5,0.4,0
2016-04-12,12,506,21.85,85,0.9,0
2016-04-12,13,436.5,22.45,80,0.9,0
2016-04-12,14,221,20.25,91,1.75,0
2016-04-12,15,337,20.65,89,2,0
2016-04-12,16,46.5,18.4,93,0.85,13.8
2016-04-12,17,25,17.25,97.5,0.2,3.2
2016-04-12,18,1.5,17.25,97.5,0.2,0.2
2016-04-12,19,0,17,98,1.55,1.2
2016-04-12,20,0,17.05,98,0.2,0.6
2016-04-12,21,0,16.95,99,0.65,0.2
2016-04-12,22,0,16.95,99,0,0
2016-04-12,23,0,16.75,98.5,0,0
2016-04-13,0,0,16.65,98,0,0
2016-04-13,1,0,16.7,98,0,0
2016-04-13,2,0,16.7,98,0,0
2016-04-13,3,0,16.6,99,0,0
2016-04-13,4,0,16.65,99,0,0
2016-04-13,5,0,16.6,99,0,0
2016-04-13,6,17.5,16.7,99,0,0
2016-04-13,7,135.5,17.2,99,0,0
2016-04-13,8,145,17.95,98,0.2,1.2
2016-04-13,9,282.5,18.35,97,0.9,1
2016-04-13,10,408,19.95,92,0.9,0
2016-04-13,11,532,21.65,85,0.4,0
2016-04-13,12,394.5,21.55,85.5,2,0
2016-04-13,13,755.5,21.85,85,3.35,0
2016-04-13,14,440,21.55,86.5,3.15,0
2016-04-13,15,368.5,21.65,83,2.9,0
2016-04-13,16,326,21.5,84,1.55,0
2016-04-13,17,67.5,19.5,89,1.1,0
2016-04-13,18,9,18.65,90.5,0.2,0.2
2016-04-13,19,0,17.85,95.5,0,0.2
2016-04-13,20,0,17.25,96,0,0
2016-04-13,21,0,17.15,96.5,0,0
2016-04-13,22,0,16.85,96,0,0
2016-04-13,23,0,16.55,97.5,0,0
2016-04-14,0,0,16.25,97,0,0
2016-04-14,1,0,16.45,96,0,0
2016-04-14,2,0,16.25,97,0,0
2016-04-14,3,0,16.15,98,0,0
2016-04-14,4,0,16.1,98.5,0,0
2016-04-14,5,0,16.1,98.5,0,0
2016-04-14,6,11.5,16.05,99,0,0
2016-04-14,7,63,16.9,99,0,0
2016-04-14,8,238.5,18.3,97,0.2,0
2016-04-14,9,249.5,19.4,90.5,0.4,0
2016-04-14,10,592,21.45,84.5,1.1,0
2016-04-14,11,498,22.75,76.5,0.9,0
2016-04-14,12,759,23.1,77.5,1.55,0
2016-04-14,13,558,23.9,73,2.2,0
2016-04-14,14,276,24.2,71.5,2.65,0
2016-04-14,15,254,24.25,71,3.8,0
2016-04-14,16,404.5,23.65,72,3.6,0
2016-04-14,17,166,22.05,77,3.15,0
2016-04-14,18,16.5,20.85,81.5,1.1,0
2016-04-14,19,0,20.05,86,0,0
2016-04-14,20,0,19.4,87.5,0,0
2016-04-14,21,0,19.1,85.5,0,0
2016-04-14,22,0,18.85,85.5,0,0
2016-04-14,23,0,17.95,87.5,0,0
2016-04-15,0,0,17.05,91.5,0,0
2016-04-15,1,0,16.75,92,0,0
2016-04-15,2,0,16.45,93.5,0,0
2016-04-15,3,0,16.4,93,0,0
2016-04-15,4,0,16,95,0,0
2016-04-15,5,0,15.8,96.5,0,0
2016-04-15,6,31.5,15.75,97.5,0,0
2016-04-15,7,212.5,17.85,95,0.65,0
2016-04-15,8,470.5,19.45,90.5,1.1,0
2016-04-15,9,685,22,80.5,1.3,0
2016-04-15,10,898.5,25.05,72,0.9,0
2016-04-15,11,905.5,25.95,72,1.1,0
2016-04-15,12,972.5,27.3,56.5,1.3,0
2016-04-15,13,922,27.7,56.5,2,0
2016-04-15,14,395,27.15,62,3.6,0
2016-04-15,15,231.5,25.85,68.5,4.7,0
2016-04-15,16,353,24.45,69.5,4.25,0
2016-04-15,17,143,23.35,71.5,1.35,0
2016-04-15,18,8.5,21.8,76.5,0.4,0
2016-04-15,19,0,21.5,81,0.9,0
2016-04-15,20,0,20.9,83,0,0
2016-04-15,21,0,19.95,85.5,0,0
2016-04-15,22,0,20.15,81,0.2,0
2016-04-15,23,0,19.6,82.5,0,0
2016-04-16,0,0,19.4,84,0,0
2016-04-16,1,0,19,86,0,0
2016-04-16,2,0,18.7,88,0,0
2016-04-16,3,0,18.3,90,0,0
2016-04-16,4,0,17.95,94.5,0.2,0.2
2016-04-16,5,0,17.5,97,0,0
2016-04-16,6,16,17.35,97,0.65,0
2016-04-16,7,130,18.05,97,0.65,0
2016-04-16,8,470.5,21.15,86,0.2,0
2016-04-16,9,583,22.8,80.5,0.9,0
2016-04-16,10,699.5,24.25,74.5,1.1,0
2016-04-16,11,595.5,24.8,74,1.1,0
2016-04-16,12,920,26.15,64,1.8,0
2016-04-16,13,844.5,26.85,60,1.8,0
2016-04-16,14,748,26.7,60.5,2.2,0
2016-04-16,15,253,24.65,73,3.35,0
2016-04-16,16,43.5,21.45,83.5,2.7,0.6
2016-04-16,17,8.5,18.75,93.5,0.65,0.4
2016-04-16,18,0,18.4,94,1.3,7.6
2016-04-16,19,0,17.85,96,2.25,7.4
2016-04-16,20,0,17.25,96.5,2.25,4.4
2016-04-16,21,0,17.2,97.5,0.2,1
2016-04-16,22,0,17.2,98,0,0
2016-04-16,23,0,17.2,97.5,0.2,0
2016-04-17,0,0,17,97,0.2,0
2016-04-17,1,0,17,98,0.2,0
2016-04-17,2,0,16.7,98,0.2,0
2016-04-17,3,0,16.8,98,0.2,0
2016-04-17,4,0,16.55,98,0,0
2016-04-17,5,0,16.4,98.5,0,0
2016-04-17,6,12.5,16.05,98.5,0,0.2
2016-04-17,7,82.5,16.85,99,0,0
2016-04-17,8,159.5,17.85,98.5,0,0
2016-04-17,9,229.5,19.1,92,0.4,0
2016-04-17,10,322,20.65,83.5,0.2,0
2016-04-17,11,428,21.45,82.5,0.2,0
2016-04-17,12,593,23.55,73.5,0,0
2016-04-17,13,727,23.7,73.5,0,0
2016-04-17,14,639.5,24.25,66.5,0,0
2016-04-17,15,290.5,25.3,65,0.4,0
2016-04-17,16,437,25.8,64.5,0.2,0
2016-04-17,17,192,23.9,72.5,0.65,0
2016-04-17,18,10.5,20.2,88.5,2,0
2016-04-17,19,0,19.45,87.5,1.55,0
2016-04-17,20,0,19.35,87.5,0.2,0
2016-04-17,21,0,19.1,87.5,0,0
2016-04-17,22,0,16.35,94,0.4,23.6
2016-04-17,23,0,16,96.5,0,0.2
2016-04-18,0,0,16.05,96.5,0.2,0
2016-04-18,1,0,16.2,95.5,0,0
2016-04-18,2,0,16.1,95,0,0
2016-04-18,3,0,15.8,96,0,0
2016-04-18,4,0,16,95.5,0,0
2016-04-18,5,0,16.35,95,0.2,0.2
2016-04-18,6,18,16.2,96,0,0
2016-04-18,7,130.5,16.6,97,0,0
2016-04-18,8,365,19.3,92,0.2,0
2016-04-18,9,508.5,21.45,83.5,0.4,0
2016-04-18,10,494,22.5,78,0.65,0
2016-04-18,11,900,23.95,73,1.1,0
2016-04-18,12,1036,25.55,71,0.4,0
2016-04-18,13,520,25.75,63,0.4,0
2016-04-18,14,415,25.05,66.5,2.25,0
2016-04-18,15,338.5,25.05,71,2.45,0
2016-04-18,16,318.5,24.75,73,1.75,0
2016-04-18,17,113,23.3,75.5,2.45,0
2016-04-18,18,32.5,22.25,78,1.35,0
2016-04-18,19,0,21.35,79.5,0.9,0
2016-04-18,20,0,20.15,86,0,0
2016-04-18,21,0,19.25,90,0,0
2016-04-18,22,0,19.4,89,0,0
2016-04-18,23,0,18.3,89.5,0,0
2016-04-19,0,0,18.15,90.5,0.2,0
2016-04-19,1,0,17.45,94.5,0,0
2016-04-19,2,0,17.35,94.5,0,0
2016-04-19,3,0,17.2,94,0,0
2016-04-19,4,0,16.9,96,0,0
2016-04-19,5,0,16.95,96,0,0
2016-04-19,6,21,17,96,0,0
2016-04-19,7,238,19.3,94,0.45,0
2016-04-19,8,423.5,20.85,88,0.65,0
2016-04-19,9,775.5,23.5,77,0.65,0
2016-04-19,10,596,24.4,72.5,0.9,0
2016-04-19,11,917.5,25.25,68,1.3,0
2016-04-19,12,643.5,25.7,65.5,1.55,0
2016-04-19,13,643.5,26.85,59.5,1.3,0
2016-04-19,14,514.5,26.95,57.5,1.8,0
2016-04-19,15,376.5,26.6,59,2,0
2016-04-19,16,234,24.75,71.5,3.35,0
2016-04-19,17,93.5,23.55,75.5,2.2,0
2016-04-19,18,9,21.8,81.5,2,0
2016-04-19,19,0,20.45,84.5,0.2,0
2016-04-19,20,0,19.85,85.5,0,0
2016-04-19,21,0,19.5,88.5,0.4,0
2016-04-19,22,0,19.8,87.5,0.2,0
2016-04-19,23,0,19.65,85.5,0.45,0
2016-04-20,0,0,19.05,89,0,0
2016-04-20,1,0,18.75,90.5,0,0
2016-04-20,2,0,18.35,91.5,0,0
2016-04-20,3,0,18.2,92.5,0,0
2016-04-20,4,0,17.6,95,0,0
2016-04-20,5,0,17.4,95.5,0.2,0
2016-04-20,6,15.5,17.35,96.5,0,0
2016-04-20,7,100.5,18.2,97,0.4,0
2016-04-20,8,142.5,19.35,93.5,0.2,0
2016-04-20,9,209.5,19.5,92,1.55,0
2016-04-20,10,453,21.95,83,1.1,0
2016-04-20,11,600.5,23.75,82,1.3,0
2016-04-20,12,388,23.75,77.5,1.1,0
2016-04-20,13,376,24.55,68.5,0.65,0
2016-04-20,14,261,22.85,82.5,2.2,0
2016-04-20,15,279,21.9,84,2.2,0
2016-04-20,16,264,22.25,77,2,0
2016-04-20,17,75,21.1,79.5,0.85,0
2016-04-20,18,5.5,20,84,0.2,0
2016-04-20,19,0,19.25,86,0.2,0
2016-04-20,20,0,18.3,91.5,0,0
2016-04-20,21,0,18.35,91,0.4,0
2016-04-20,22,0,18.75,87.5,0.2,0
2016-04-20,23,0,18.75,88,0.2,0
2016-04-21,0,0,18.5,89,0.2,0
2016-04-21,1,0,17.8,94,0,0
2016-04-21,2,0,17.8,94,0,0
2016-04-21,3,0,17.85,93.5,0,0
2016-04-21,4,0,17.35,95.5,0,0
2016-04-21,5,0,17.05,97.5,0.2,0
2016-04-21,6,35,17.15,98,0.4,0
2016-04-21,7,235,19.05,94.5,0,0
2016-04-21,8,307,20.75,86,0.4,0
2016-04-21,9,727,22.7,77.5,0.85,0
2016-04-21,10,955,24.15,71,1.3,0
2016-04-21,11,911.5,25.4,68.5,1.3,0
2016-04-21,12,866,26.3,64.5,1.3,0
2016-04-21,13,893.5,27.15,55.5,2.45,0
2016-04-21,14,450.5,27.55,59,2.45,0
2016-04-21,15,249,26.15,63,2.45,0
2016-04-21,16,294.5,25.35,68,3.1,0
2016-04-21,17,41.5,23.45,76,2.45,0
2016-04-21,18,7,20.65,90,1.1,0.6
2016-04-21,19,0,19.85,95,0.85,0.2
2016-04-21,20,0,19.95,93,0.2,0
2016-04-21,21,0,19.4,93,0.2,0
2016-04-21,22,0,18.65,95.5,0,0
2016-04-21,23,0,17.7,97,0,0
2016-04-22,0,0,17.45,98,0.4,0
2016-04-22,1,0,17.3,98,0.2,0
2016-04-22,2,0,17.3,99,0,0
2016-04-22,3,0,17.15,98.5,0,0
2016-04-22,4,0,17.4,98,0,0
2016-04-22,5,0,17.45,98,0,0
2016-04-22,6,27,17.35,98,0.2,0.2
2016-04-22,7,109,18.1,98,0.2,0
2016-04-22,8,162.5,19,97,0,0
2016-04-22,9,467,21.1,90,0.9,0
2016-04-22,10,606.5,22.65,78,1.1,0
2016-04-22,11,804,24.55,71.5,0.9,0
2016-04-22,12,854.5,26,65,0.85,0
2016-04-22,13,563.5,26.15,66,1.3,0
2016-04-22,14,572.5,27.3,55,0.9,0
2016-04-22,15,373,27.45,61.5,1.35,0
2016-04-22,16,244.5,25.25,72,2,0
2016-04-22,17,108.5,23.15,82,2,0
2016-04-22,18,11.5,21.8,86,1.1,0
2016-04-22,19,0,20.55,90,0.4,0
2016-04-22,20,0,20.25,91.5,0.65,0
2016-04-22,21,0,20.3,88.5,0.45,0
2016-04-22,22,0,20.15,86,0.4,0
2016-04-22,23,0,19.7,87.5,0.2,0
2016-04-23,0,0,19.5,87,0.2,0
2016-04-23,1,0,19.15,88.5,0.2,0
2016-04-23,2,0,18.95,90.5,0.4,0
2016-04-23,3,0,18.85,92.5,0.4,0
2016-04-23,4,0,18.85,93,0.45,0
2016-04-23,5,0,18.6,93.5,0.2,0
2016-04-23,6,22,18.5,95.5,0,0
2016-04-23,7,147,19.45,94,0.2,0
2016-04-23,8,242.5,21.05,86,0.65,0
2016-04-23,9,364.5,22.1,85,0.85,0
2016-04-23,10,297,22.65,80.5,1.35,0
2016-04-23,11,375.5,23.4,81,1.1,0
2016-04-23,12,654.5,24.65,76.5,2,0
2016-04-23,13,474.5,25.05,72.5,1.8,0
2016-04-23,14,475,25.65,68,2.45,0
2016-04-23,15,211,24.3,73.5,3.35,0
2016-04-23,16,34,20.75,87,1.55,0.2
2016-04-23,17,6.5,18.4,91.5,1.75,1.4
2016-04-23,18,0,17.45,95,0.4,0.6
2016-04-23,19,0,17.1,96,0.4,1.8
2016-04-23,20,0,17.05,96.5,0.9,3
2016-04-23,21,0,16.85,97.5,1.55,23.4
2016-04-23,22,0,16.75,98,0.2,3.4
2016-04-23,23,0,16.55,98,0,2
2016-04-24,0,0,16.45,99,0,0.6
2016-04-24,1,0,16.4,99,0.2,0.2
2016-04-24,2,0,16.3,99,0,0
2016-04-24,3,0,16.25,99,0,0
2016-04-24,4,0,16.25,99,0,0
2016-04-24,5,0,16.35,99,0,0
2016-04-24,6,25.5,16.7,99,0,0.2
2016-04-24,7,74.5,17.05,99,0.2,0
2016-04-24,8,191,18,99,0.2,0
2016-04-24,9,291.5,19.2,94,0,0
2016-04-24,10,575.5,21.3,85,0,0
2016-04-24,11,533.5,22.55,78.5,0,0
2016-04-24,12,546,22.85,82,0,0
2016-04-24,13,614,23.65,79,0,0
2016-04-24,14,272.5,23.1,78.5,0,0
2016-04-24,15,63,19.15,91,0.2,7
2016-04-24,16,1,16.4,96.5,1.1,11
2016-04-24,17,1,16.4,97.5,0,2.8
2016-04-24,18,0.5,16.25,98,0,0.2
2016-04-24,19,0,16.2,98,0,0
2016-04-24,20,0,16.35,98,0,0
2016-04-24,21,0,16.4,98,0,0
2016-04-24,22,0,16.45,98,0.2,0
2016-04-24,23,0,16.65,98,0,0
2016-04-25,0,0,16.6,98,0,0
2016-04-25,1,0,16.45,98,0,0
2016-04-25,2,0,16.15,98,0,0
2016-04-25,3,0,15.65,98.5,0,0
2016-04-25,4,0,15.6,99,0,0
2016-04-25,5,0,14.95,98.5,0,0
2016-04-25,6,25.5,15.2,99,0.2,0
2016-04-25,7,124,16.2,99,0.4,0
2016-04-25,8,440,17.8,99,0,0
2016-04-25,9,726.5,20.3,91.5,0,0
2016-04-25,10,805.5,22.55,81.5,0,0.2
2016-04-25,11,561.5,22.8,81,0,0
2016-04-25,12,646,23.9,77,0.2,0
2016-04-25,13,776.5,24.7,71.5,0,0
2016-04-25,14,411.5,25.15,74,0,0
2016-04-25,15,259,24.85,72.5,0,0
2016-04-25,16,381,24.45,68.5,0,0
2016-04-25,17,155.5,22.8,73,0,0
2016-04-25,18,18.5,21.05,80.5,0,0
2016-04-25,19,0,20.1,83,0,0
2016-04-25,20,0,19.9,84.5,0,0
2016-04-25,21,0,19.4,87,0,0
2016-04-25,22,0,19,87.5,0,0
2016-04-25,23,0,18,91.5,0,0
2016-04-26,0,0,17.55,92,0.2,0
2016-04-26,1,0,16.75,95.5,0.2,0
2016-04-26,2,0,17.5,95.5,0,0
2016-04-26,3,0,17.5,96,0,0
2016-04-26,4,0,17.25,96.5,0,0
2016-04-26,5,0,17.55,97,0,0
2016-04-26,6,17.5,17.85,97,0.2,0
2016-04-26,7,59.5,18.15,97,0,0
2016-04-26,8,315.5,19.75,92,0.2,0
2016-04-26,9,648,22.65,81,0.2,0
2016-04-26,10,505,23.65,81.5,0.2,0
2016-04-26,11,702,25.15,76,0,0
2016-04-26,12,500.5,24.2,76,0,0
2016-04-26,13,765.5,25.4,69.5,0,0
2016-04-26,14,552.5,26,66,0,0
2016-04-26,15,272.5,24.95,72,0,2.4
2016-04-26,16,52,19.75,90.5,0.65,3.2
2016-04-26,17,19,17.35,92.5,0.2,1.4
2016-04-26,18,0,16.3,94,0.9,3.2
2016-04-26,19,0,16.85,96.5,0.85,0.2
2016-04-26,20,0,16.55,96.5,0,0.2
2016-04-26,21,0,16.4,96.5,0,0
2016-04-26,22,0,16.4,97,0,0
2016-04-26,23,0,16.35,96.5,0.45,0
2016-04-27,0,0,16.2,96.5,0,0
2016-04-27,1,0,16.3,96,0.4,0
2016-04-27,2,0,15.65,97.5,0.2,0
2016-04-27,3,0,15.85,96.5,0,0
2016-04-27,4,0,15.6,95.5,0,0
2016-04-27,5,0,15.35,97,0.4,0
2016-04-27,6,14,15.4,98,0,0
2016-04-27,7,47.5,15.75,98,0.2,0
2016-04-27,8,149.5,16.8,98,0,0
2016-04-27,9,281,18.5,92.5,0,0
2016-04-27,10,517.5,20.8,87.5,0.4,0
2016-04-27,11,802,22.3,82.5,0.4,0
2016-04-27,12,624.5,23.35,80.5,0.4,0
2016-04-27,13,586.5,24.05,78.5,0.65,0
2016-04-27,14,412,24.25,73,2.25,0
2016-04-27,15,247.5,23.5,78,2.9,0
2016-04-27,16,298.5,23.5,75.5,2.45,0
2016-04-27,17,175.5,22.9,80,1.55,0
2016-04-27,18,10.5,20.95,87.5,0.2,0
2016-04-27,19,0,20.75,83,1.55,0
2016-04-27,20,0,20.15,87,0.45,0
2016-04-27,21,0,19.6,90.5,0.2,0
2016-04-27,22,0,18,93.5,1.35,0.2
2016-04-27,23,0,16.85,96.5,0.4,0
2016-04-28,0,0,16.1,96.5,0.85,0
2016-04-28,1,0,15.5,97.5,0.2,0
2016-04-28,2,0,16.1,96,0.65,0
2016-04-28,3,0,15.95,96.5,0,0
2016-04-28,4,0,16.05,96.5,0.2,0
2016-04-28,5,0,15.85,96.5,0,0
2016-04-28,6,28.5,15.75,97,0,0
2016-04-28,7,256.5,17.95,94,0.2,0
2016-04-28,8,450.5,19.85,89,1.3,0
2016-04-28,9,520,20.85,87.5,0.85,0
2016-04-28,10,621.5,22.15,79.5,0.65,0
2016-04-28,11,635,23.7,70,0.9,0
2016-04-28,12,733,24.15,72.5,1.8,0
2016-04-28,13,303,23.1,75,1.3,0.2
2016-04-28,14,118,18.95,91,2.7,2.4
2016-04-28,15,289,19.6,89,1.3,0
2016-04-28,16,134,20.05,89,1.3,0
2016-04-28,17,60.5,20.25,91.5,0,0.2
2016-04-28,18,5.5,19.95,90,0.2,0
2016-04-28,19,0,19.7,91,0.2,0
2016-04-28,20,0,19.45,90.5,0.2,0
2016-04-28,21,0,19,91,0.65,0
2016-04-28,22,0,18.7,93,0.2,0
2016-04-28,23,0,18.05,95,0.2,1.8
2016-04-29,0,0,16.7,97,0,0.8
2016-04-29,1,0,16.1,98,0,0.6
2016-04-29,2,0,15.8,98,0.2,0.4
2016-04-29,3,0,15.5,98.5,0.4,0
2016-04-29,4,0,15.65,99,0.2,0
2016-04-29,5,0,16.2,99,0.2,0
2016-04-29,6,12.5,16.5,99,0.2,0
2016-04-29,7,87,17,99,0.4,0
2016-04-29,8,189,17.9,99,0.2,0
2016-04-29,9,482,19.95,94,0.4,0
2016-04-29,10,732,22.2,78.5,0.9,0
2016-04-29,11,457.5,22.75,80,0.65,0
2016-04-29,12,713.5,24,75.5,0.9,0
2016-04-29,13,483,24.3,73.5,1.3,0
2016-04-29,14,475.5,24.2,73,2.45,0
2016-04-29,15,319,23.9,76,2.25,0
2016-04-29,16,164.5,23.2,80.5,1.35,0
2016-04-29,17,56.5,21.25,86,1.1,0.6
2016-04-29,18,3.5,20.35,88.5,0.2,0
2016-04-29,19,0,19.55,90.5,0,0.2
2016-04-29,20,0,18.55,92,0,0
2016-04-29,21,0,18.35,93,0,0
2016-04-29,22,0,18,97,0,0.2
2016-04-29,23,0,17.8,98,0,0.6
2016-04-30,0,0,17.35,97,0.2,0.6
2016-04-30,1,0,17.25,97.5,0,0
2016-04-30,2,0,16.9,97.5,0,0
2016-04-30,3,0,16.7,97,0,0
2016-04-30,4,0,16.65,97,0,0
2016-04-30,5,0,16.8,97,0,0
2016-04-30,6,17,16.8,98,0,0.2
2016-04-30,7,115.5,18,96.5,0,0
2016-04-30,8,227,19.15,93.5,0.2,0
2016-04-30,9,363.5,20.7,88.5,0.4,0
2016-04-30,10,466,21.35,85.5,1.35,0
2016-04-30,11,499.5,22.6,81.5,0.9,0
2016-04-30,12,567,22.95,80.5,1.55,0
2016-04-30,13,805.5,24.95,69,1.35,0
2016-04-30,14,120,21.45,84,1.55,7
2016-04-30,15,73.5,19.95,92.5,0,0
2016-04-30,16,10,17.2,97,0.45,10.2
2016-04-30,17,9.5,16.7,98,0,1.8
2016-04-30,18,0,16.6,98,0,0.2
2016-04-30,19,0,16.15,98,0,0.2
2016-04-30,20,0,16.1,98,0,1
2016-04-30,21,0,16.15,98.5,0,1.2
2016-04-30,22,0,16.15,98,0,0.2
2016-04-30,23,0,15.95,98.5,0,0.2
2016-05-01,0,0,15.9,99,0,0
2016-05-01,1,0,15.8,99,0,0
2016-05-01,2,0,15.85,99,0,0
2016-05-01,3,0,15.7,99,0,0.8
2016-05-01,4,0,15.75,99,0,0
2016-05-01,5,0,15.8,99,0,0.2
2016-05-01,6,6.5,16,99,0,1
2016-05-01,7,46.5,16.25,99,0,0.8
2016-05-01,8,95.5,16.6,99,0.4,0.4
2016-05-01,9,185,17,99,0.4,0.2
2016-05-01,10,278,17.45,99,1.1,0.2
2016-05-01,11,330,17.8,97.5,1.1,0
2016-05-01,12,344.5,18.25,95,0.9,0.2
2016-05-01,13,257.5,18.05,95.5,1.1,0.2
2016-05-01,14,221.5,18.1,94.5,1.1,0
2016-05-01,15,200,18.7,91.5,0.4,0
2016-05-01,16,173.5,18.9,93.5,1.55,0
2016-05-01,17,81.5,18.75,97,0.65,0
2016-05-01,18,3.5,18.4,97.5,0.2,0
2016-05-01,19,0,18.05,98,0.2,0
2016-05-01,20,0,17.95,97.5,0,0
2016-05-01,21,0,17.75,98,0,0
2016-05-01,22,0,17.65,98,0,0.2
2016-05-01,23,0,17.3,98,0,0.2
2016-05-02,0,0,17.1,98,0,0
2016-05-02,1,0,17.2,98,0,0
2016-05-02,2,0,17.2,98,0,0
2016-05-02,3,0,17.2,99,0,0
2016-05-02,4,0,17.15,99,0.2,0
2016-05-02,5,0,17.1,99,0,0
2016-05-02,6,22.5,17.1,99,0,0
2016-05-02,7,126,17.7,99,0.2,0
2016-05-02,8,214.5,18.45,99,0.2,0
2016-05-02,9,555,20.4,91,0.65,0
2016-05-02,10,590.5,21.7,85,1.3,0
2016-05-02,11,428.5,22.25,86,0.65,0
2016-05-02,12,600,22.8,78,0.65,0
2016-05-02,13,403.5,21.65,86,1.3,0.2
2016-05-02,14,336,20.75,91,2.2,0.2
2016-05-02,15,250.5,20.8,87,2.7,0
2016-05-02,16,120,20.45,88.5,1.1,0
2016-05-02,17,54.5,19.9,90,0.9,0
2016-05-02,18,7.5,19.5,90,0,0.2
2016-05-02,19,0,18.45,93.5,0,0.4
2016-05-02,20,0,17.9,93.5,0,0
2016-05-02,21,0,17.7,94.5,0,0.2
2016-05-02,22,0,17.1,97,0,0
2016-05-02,23,0,17.35,96,0.4,0
